countryid,country,year,ama_exchange_rate,imf_based_exchange_rate,population,currency,per_capita_gni,agriculture_hunting_forestry_fishing_,changes_in_inventories,construction_,exports_of_goods_and_services,final_consumption_expenditure,general_government_final_consumption_expenditure,gross_capital_formation,gross_fixed_capital_formation_,household_consumption_expenditure_,imports_of_goods_and_services,manufacturing_,mining_manufacturing_utilities_,other_activities_,total_value_added,transport_storage_and_communication_,wholesale_retail_trade_restaurants_and_hotels_,gross_national_income,gross_domestic_product_,income_group,development_status,export_dependency,import_dependency,trade_openness,investment_ratio,government_share,household_share,agriculture_share,services_share,gdp_per_person,investment_per_person,exports_per_person,imports_per_person,gdp_group,population_group,gni_group,trade_group,investment_group,export_group,import_group,government_group,consumption_group,agriculture_group,services_group
458, Malaysia ,2021,4.143297598,4.143297598,33573874.0, Malaysian Ringgit ,10769.0,35828708048.0,11101061150.0,13404299036.0,257000000000.0,263000000000.0,47673379795.0,83004175262.0,71903114112.0,216000000000.0,230000000000.0,87552726157.0,127000000000.0,88155144868.0,369000000000.0,34558463786.0,69405586537.0,362000000000.0,373000000000.0,Upper Middle Income,Developing,0.6890080428954424,0.6166219839142091,1.3056300268096515,0.22253130097050938,0.127810669691689,0.579088471849866,0.09605551755495978,0.2363408709597855,11109.829029560306,2472.2847075079867,7654.761556560318,6850.564817155148,Very High,Very High,High,Very High,Medium,Very High,Very High,Medium,Medium,High,Low
4, Afghanistan ,2021,82.52610753,82.52610753,40099462.0, Afghani ,377.0,5002252164.0,,300111089.0,1803587091.0,17114916718.0,3250843273.0,1921133260.0,1921133260.0,13864073445.0,5900628595.0,1353586197.0,2028732543.0,3913886381.0,14278498694.0,1471191459.0,1562325057.0,15114672599.0,14939009447.0,Low Income,Under-developed,0.12073003216168325,0.394981247982606,0.5157112801442892,0.12859843665108567,0.21760768573935288,0.9280450282989904,0.33484496959097476,0.26199102389522705,372.54887477043957,47.909202871599625,44.977837632834074,147.1498194913438,Medium,Very High,Low,Low,Low,Low,Medium,Very High,Very High,Very High,Low
450, Madagascar ,2021,3829.977849,3829.977849,28915653.0, Malagasy Ariary ,489.0,3466856929.0,-190762120.0,1014292122.0,3042228890.0,13820478381.0,3089661428.0,2562805583.0,2753567704.0,10730816953.0,4254240652.0,1403701152.0,2034540853.0,4115898038.0,13644003274.0,1151112389.0,1861302943.0,14144956116.0,14449793300.0,Low Income,Under-developed,0.21053788291905878,0.294415329249035,0.5049532121680937,0.17735932478701963,0.21382045845596975,0.7426277130898474,0.23992432673760114,0.2848413089756793,499.7221850739459,88.6303893258091,105.21045089315466,147.125871651593,Medium,Very High,Low,Low,Low,Low,Low,High,Very High,Very High,Medium
52, Barbados ,2021,2.0,2.0,281200.0, Barbados Dollar ,16887.0,71800000.0,9500000.0,281900000.0,1471300000.0,4514350000.0,626000000.0,884600000.0,875100000.0,3888350000.0,1960350000.0,244950000.0,367550000.0,2154200000.0,4165250000.0,532600000.0,757200000.0,4748718879.0,4843800000.0,High Income,Developed,0.3037491225897023,0.4047132416697634,0.7084623642594657,0.18262521161071885,0.12923737561418722,0.8027478426029151,0.014823072794087287,0.444733473718981,17225.462304409673,3145.8036984352775,5232.21906116643,6971.372688477952,Low,Low,High,Medium,Low,Medium,Medium,Medium,Very High,Low,Very High
836, Zanzibar ,2021,2297.764226,2297.764226,1717608.0, Tanzanian Shilling ,1190.0,563025564.0,-147525321.0,194188766.0,298366403.0,1387384118.0,152808133.0,838742896.0,889341261.0,1234575985.0,347196358.0,146011499.0,201152057.0,445911721.0,1923957188.0,94004423.0,425674657.0,2044323819.0,2080370103.0,Lower Middle Income,Developing,0.14341986676781232,0.1668916302437365,0.3103114970115488,0.40317003921104705,0.07345237887222224,0.5934405533033177,0.270637211709632,0.21434249624957238,1211.2019174340128,488.3203245443664,173.71041762730496,202.13946255490194,Low,Medium,Low,Low,Very High,Low,Low,Low,Medium,Very High,Low
807, North Macedonia ,2021,52.10215833,52.10215833,2103330.0, Denar ,6285.0,1057729694.0,,662630184.0,9152027771.0,11400347298.0,2259175124.0,4694319925.0,4694319925.0,9141172175.0,11365525325.0,1750464912.0,2320010170.0,4452917027.0,11796152399.0,1009794818.0,2293070504.0,13218812522.0,13881177347.0,Upper Middle Income,Developing,0.6593120700224997,0.8187724312488751,1.4780845012713748,0.3381788019598018,0.1627509733162694,0.6585300328992332,0.0761988459306441,0.3207881374674868,6599.619340284216,2231.851361888054,4351.20868860331,5403.586372561605,Medium,Medium,Medium,Very High,Very High,Very High,Very High,Medium,High,High,Medium
804, Ukraine ,2021,27.28618938,27.28618938,43531422.0, Hryvnia ,4697.0,21275195002.0,2699937282.0,5564206781.0,81532234815.0,175000000000.0,36113434022.0,27646550033.0,24946612751.0,139000000000.0,83781101417.0,20613761493.0,41379394687.0,54509260311.0,172000000000.0,20143340365.0,29069760854.0,204000000000.0,200000000000.0,Upper Middle Income,Developing,0.407661174075,0.418905507085,0.82656668116,0.138232750165,0.18056717011,0.695,0.10637597501,0.272546301555,4594.38242104749,635.0941173711257,1872.9513319137611,1924.612097831309,Very High,Very High,Medium,High,Low,High,Medium,High,High,High,Medium
56, Belgium ,2021,0.845494139,0.845494139,11611419.0, Euro ,51639.0,3939944521.0,10630824729.0,28739288521.0,516000000000.0,433000000000.0,143000000000.0,155000000000.0,144000000000.0,291000000000.0,510000000000.0,73193410993.0,87824381725.0,288000000000.0,529000000000.0,52717810745.0,67601178259.0,600000000000.0,594000000000.0,High Income,Developed,0.8686868686868687,0.8585858585858586,1.7272727272727273,0.2609427609427609,0.24074074074074073,0.4898989898989899,0.006632903234006734,0.48484848484848486,51156.53823189052,13348.92832650342,44439.013009521055,43922.280300108025,Very High,High,Very High,Very High,High,Very High,Very High,Very High,Low,Low,Very High
50, Bangladesh ,2021,85.08376325,85.08376325,169356251.0, Taka ,2579.0,48265542603.0,,37550041398.0,44240614851.0,310000000000.0,24407935435.0,129000000000.0,129000000000.0,285000000000.0,70788218221.0,88108290232.0,101000000000.0,115000000000.0,399000000000.0,34632158746.0,63174020514.0,437000000000.0,415000000000.0,Lower Middle Income,Developing,0.10660389120722892,0.17057401980963854,0.27717791101686745,0.3108433734939759,0.05881430225301205,0.6867469879518072,0.11630251229638554,0.27710843373493976,2450.455755542203,761.707933650468,261.22811877194897,417.9840885884986,Very High,Very High,Medium,Low,Very High,Low,Low,Low,High,High,Medium
818, Egypt ,2021,15.64452728,15.64452728,109262178.0, Egyptian Pound ,3778.0,48710599334.0,8207342908.0,30758142541.0,44980585703.0,398000000000.0,32190170471.0,64616845371.0,56409502463.0,366000000000.0,82182093276.0,65952775797.0,102000000000.0,119000000000.0,405000000000.0,38550842048.0,65655681490.0,413000000000.0,426000000000.0,Lower Middle Income,Developing,0.10558822934976526,0.19291571191549295,0.2985039412652582,0.15168273561267606,0.07556378044835681,0.8591549295774648,0.11434412989201878,0.2793427230046948,3898.8788965931103,591.3926168577749,411.67571914043305,752.1549980085515,Very High,Very High,Medium,Low,Low,Low,Low,Low,Very High,High,Medium
51, Armenia ,2021,503.769675,503.769675,2790974.0, Armenian Dram ,5032.0,1571535246.0,321709122.0,902838385.0,4854383306.0,12145257057.0,2189148245.0,2853008372.0,2531299249.0,9956108812.0,5991229822.0,1580781535.0,2790038325.0,4605778226.0,12582651190.0,913853737.0,1798607270.0,14043616746.0,13861418912.0,Upper Middle Income,Developing,0.3502082533410415,0.43222341522434754,0.782431668565389,0.20582368876609852,0.1579310356968454,0.7182604374925048,0.11337477468771272,0.3322732149746027,4966.51667554051,1022.2267824780882,1739.3151301301982,2146.644799270792,Medium,Medium,Medium,Medium,Medium,High,High,Medium,High,High,High
478, Mauritania ,2021,36.06333333,36.06333333,4614974.0, Ouguiya ,2144.0,1857172661.0,844012834.0,388296978.0,3943762109.0,6430289693.0,1462988247.0,5713954295.0,4869941461.0,4967301445.0,6091765678.0,528296257.0,2900193770.0,2343097382.0,9183045245.0,576151915.0,1118132539.0,9893665390.0,9996240419.0,Lower Middle Income,Developing,0.3945245355948056,0.6094056788011313,1.003930214395937,0.5716103310339959,0.14635384761447684,0.4969169644578153,0.1857871142704856,0.23439786197483212,2166.044796568735,1238.1335832011189,854.5578174438252,1319.999999566628,Medium,Medium,Low,High,Very High,High,Very High,Medium,Low,Very High,Low
438, Liechtenstein ,2021,0.913845833,0.913845833,39039.0, Swiss Franc ,198294.0,9165894.0,-135102596.0,268417183.0,4621771742.0,4074601937.0,769908790.0,1556314008.0,1691416603.0,3304693147.0,3644938077.0,2494824344.0,2580188164.0,2798899848.0,6360159832.0,223940541.0,479548203.0,7741217674.0,6607749611.0,High Income,Developed,0.6994471664462105,0.5516156470172883,1.251062813463499,0.23552859893619235,0.11651603576478195,0.500123845718766,0.0013871430577123301,0.4235783758120371,169260.21698814008,39865.621762852534,118388.57916442532,93366.58410819949,Medium,Low,Very High,Very High,High,Very High,High,Low,Low,Low,High
470, Malta ,2021,0.845494139,0.845494139,526748.0, Euro ,31132.0,158014105.0,132230367.0,754943140.0,30186726112.0,11021483853.0,3558274223.0,3787134473.0,3654904106.0,7463209631.0,27274701195.0,1185460613.0,1298057490.0,9771445620.0,15979767781.0,2178489377.0,1818818049.0,16398973526.0,17720643244.0,High Income,Developed,1.7034780112861234,1.5391484845921093,3.2426264958782327,0.2137131491703767,0.20079825399141701,0.4211590701441921,0.008916950859190831,0.5514159664214501,33641.59568522329,7189.651357005627,57307.71851435601,51779.41101817188,Medium,Low,Very High,Very High,Medium,Very High,Very High,High,Low,Low,Very High
440, Lithuania ,2021,0.845494139,0.845494139,2786651.0, Euro ,22926.0,2201850864.0,-1221907938.0,4217976017.0,53483244791.0,50371554386.0,11644856596.0,13070819171.0,14292727110.0,38726697790.0,50480361763.0,10713242805.0,12570078702.0,20653826824.0,59344226805.0,8980478916.0,10720015485.0,63887018863.0,66445256585.0,High Income,Developed,0.8049219393499013,0.7597286000156094,1.5646505393655106,0.19671560985364203,0.1752548969557117,0.5828361538563543,0.033137818667059935,0.3108397481704149,23844.12564939061,4690.511718546743,19192.659859810217,18115.064198207812,High,Medium,Very High,Very High,Medium,Very High,Very High,High,Medium,Medium,Medium
466, Mali ,2021,554.530675,554.530675,21904983.0, CFA Franc BCEAO ,849.0,6792621701.0,221538633.0,820292255.0,5662920941.0,17110262160.0,3088325625.0,4081682658.0,3860144025.0,14021936535.0,7697809993.0,3039744046.0,3219210978.0,3953310250.0,17765327623.0,1011303261.0,1968589178.0,18589076620.0,19157055766.0,Low Income,Under-developed,0.29560497240137334,0.40182636032526964,0.6974313327266429,0.21306419461617807,0.1612108699125452,0.7319463233951731,0.3545754516753856,0.20636314360040373,874.5524142155235,186.33580578446467,258.52204226773426,351.4182135179014,Medium,High,Low,Medium,Medium,Medium,Medium,Medium,High,Very High,Low
442, Luxembourg ,2021,0.845494139,0.845494139,639321.0, Euro ,93369.0,166752191.0,840794711.0,4500637941.0,181000000000.0,40785769426.0,14925587795.0,15010106417.0,14169311707.0,25860181631.0,151000000000.0,4146881497.0,5082131031.0,51962957493.0,77576866572.0,8388618766.0,7475769150.0,59692666902.0,85506243834.0,High Income,Developed,2.11680447981541,1.765952908575287,3.882757388390697,0.1755439806961969,0.17455553098527188,0.3024361785930441,0.0019501756073361045,0.6077095094234262,133745.4015025316,23478.20017956551,283112.86505526956,236188.0807919652,High,Low,Very High,Very High,Low,Very High,Very High,High,Low,Low,Very High
266, Gabon ,2021,554.530675,554.530675,2341179.0, CFA Franc BEAC ,7358.0,1145473152.0,,607721115.0,9862033331.0,8870744616.0,2125220575.0,3445796754.0,3445796754.0,6745524041.0,3657687647.0,1410562184.0,8208202368.0,4607139181.0,17706865359.0,2217911570.0,920417973.0,17226269728.0,18520706721.0,Upper Middle Income,Developing,0.5324868796619826,0.19749179672785772,0.7299786763898404,0.18605104037919504,0.11474835204805034,0.36421526147009714,0.06184824203825802,0.24875612202077158,7910.846082678855,1471.8211439620807,4212.421746051882,1562.327206505782,Medium,Medium,High,Medium,Low,High,Low,Low,Low,Medium,Low
268, Georgia ,2021,3.221558333,3.221558333,3757980.0, Lari ,4700.0,1143421615.0,278730194.0,1310175848.0,8055098497.0,17499211389.0,2611278788.0,4102998905.0,3824268711.0,14887932602.0,10960888842.0,1902382684.0,2768992447.0,6305112294.0,16328322094.0,1548252392.0,3252367498.0,17662033115.0,18696419950.0,Upper Middle Income,Developing,0.4308364124544603,0.5862560250204478,1.0170924374749082,0.2194537198015816,0.1396673157205158,0.7962985770438902,0.061157249251881506,0.3372363431534923,4975.124920835129,1091.8096703548183,2143.464972405388,2916.696960068973,Medium,Medium,Medium,High,Medium,High,High,Medium,Very High,Medium,High
616, Poland ,2021,3.861916667,3.861916667,38307726.0, Zloty ,16908.0,15110631595.0,30115875105.0,40852771724.0,393000000000.0,510000000000.0,128000000000.0,146000000000.0,116000000000.0,383000000000.0,371000000000.0,114000000000.0,148000000000.0,217000000000.0,591000000000.0,63242363896.0,107000000000.0,648000000000.0,679000000000.0,High Income,Developed,0.5787923416789397,0.5463917525773195,1.1251840942562592,0.21502209131075112,0.18851251840942562,0.5640648011782032,0.02225424388070692,0.31958762886597936,17724.88400903776,3811.2416278637893,10259.027121578556,9684.730437927848,Very High,Very High,High,Very High,Medium,Very High,High,High,Medium,Medium,Medium
242, Fiji ,2021,2.070633333,2.070633333,924610.0, Fiji Dollar ,4376.0,623887672.0,31300709.0,92521619.0,1173264219.0,4624005429.0,1079468807.0,843997091.0,812696382.0,3544536622.0,2345031311.0,498604247.0,633095532.0,1529533734.0,3659840111.0,308127842.0,472673712.0,4045925538.0,4296235427.0,Lower Middle Income,Developing,0.2730912304354963,0.5458339867183447,0.818925217153841,0.1964503820474641,0.2512592303987814,0.8250331440693648,0.14521729141730297,0.3560172062237408,4646.537920853117,912.8141497496242,1268.9287580709704,2536.238317777225,Low,Low,Medium,High,Medium,Medium,High,Very High,Very High,High,High
642, Romania ,2021,4.160416667,4.160416667,19328560.0, New Leu ,14416.0,12356911367.0,5019617426.0,18610179269.0,116000000000.0,227000000000.0,49543114672.0,73602387581.0,68582770155.0,177000000000.0,132000000000.0,44210764146.0,60319703555.0,93370143215.0,257000000000.0,35404482724.0,36563477216.0,279000000000.0,284000000000.0,High Income,Developed,0.4084507042253521,0.4647887323943662,0.8732394366197183,0.2591633365528169,0.17444758687323944,0.6232394366197183,0.04351025129225352,0.3287681099119718,14693.282893293655,3807.960219540411,6001.481745148112,6829.272330685783,Very High,High,High,High,High,High,High,High,High,Medium,High
246, Finland ,2021,0.845494139,0.845494139,5535992.0, Euro ,54714.0,6825594329.0,850390283.0,19918529562.0,117000000000.0,224000000000.0,72564666244.0,71243545318.0,70393155035.0,152000000000.0,117000000000.0,43637203740.0,53235141357.0,125000000000.0,258000000000.0,25802662605.0,26786702543.0,303000000000.0,297000000000.0,High Income,Developed,0.3939393939393939,0.3939393939393939,0.7878787878787878,0.23987725696296297,0.24432547556902356,0.5117845117845118,0.02298179908754209,0.4208754208754209,53648.921457978984,12869.156118361443,21134.423604658386,21134.423604658386,Very High,Medium,Very High,Medium,High,High,Medium,Very High,Low,Medium,High
634, Qatar ,2021,3.64,3.64,2688235.0, Qatari Rial ,65863.0,536032165.0,,24131484838.0,106000000000.0,65809191023.0,29923483041.0,69233295824.0,69233295824.0,35885707982.0,61326923077.0,15747952861.0,83678979588.0,55479438999.0,189000000000.0,10117575226.0,14697209085.0,177000000000.0,180000000000.0,High Income,Developed,0.5888888888888889,0.34070512820555554,0.9295940170944444,0.38462942124444444,0.16624157245,0.19936504434444444,0.002977956472222222,0.30821910555,66958.43183352645,25754.182883564867,39431.0765241878,22813.081102284585,High,Medium,Very High,High,Very High,Very High,Medium,Medium,Low,Low,Medium
250, France ,2021,0.845494139,0.845494139,66875883.0, Euro ,45535.0,48514824779.0,23320090694.0,148000000000.0,871000000000.0,2280000000000.0,717000000000.0,740000000000.0,717000000000.0,1560000000000.0,929000000000.0,263000000000.0,344000000000.0,1470000000000.0,2620000000000.0,283000000000.0,328000000000.0,3050000000000.0,2960000000000.0,High Income,Developed,0.2942567567567568,0.31385135135135134,0.6081081081081081,0.25,0.24222972972972973,0.527027027027027,0.01639014350641892,0.4966216216216216,44261.09783103724,11065.27445775931,13024.127098254537,13891.405366565403,Very High,Very High,Very High,Medium,High,Medium,Medium,Very High,Medium,Low,Very High
630, Puerto Rico ,2021,1.0,1.0,3256028.0, US Dollar ,22598.0,711000000.0,-911800000.0,980400000.0,73850800000.0,78578000000.0,7539000000.0,12421700000.0,13333500000.0,71039000000.0,58324800000.0,51269000000.0,53247900000.0,38128400000.0,107000000000.0,3091300000.0,10910500000.0,73580800000.0,107000000000.0,High Income,Developed,0.6901943925233645,0.5450915887850467,1.2352859813084112,0.11609065420560748,0.07045794392523365,0.6639158878504673,0.0066448598130841125,0.35634018691588787,32862.12526427906,3814.985620516777,22681.25458380579,17912.868071159093,High,Medium,Very High,Very High,Low,Very High,High,Low,High,Low,High
258, French Polynesia ,2021,100.8802226,100.8802226,304032.0, CFP Franc ,19915.0,179178542.0,,183251150.0,1019164607.0,5864333836.0,1908838149.0,1256984820.0,1256984820.0,3955495688.0,2105702919.0,297419768.0,444094601.0,3118195830.0,5409225972.0,659502083.0,825003766.0,6054675381.0,6054675381.0,High Income,Developed,0.16832687846456817,0.3477813072535391,0.5161081857181072,0.20760565032842346,0.31526680274058444,0.6532960793261725,0.029593418428719556,0.5150062775925394,19914.599058651722,4134.3832886012,3352.162295416272,6925.925294047995,Low,Low,High,Low,Medium,Low,Medium,Very High,High,Medium,Very High
626, Timor-Leste ,2021,1.0,1.0,1320942.0, US Dollar ,1842.0,316079516.0,50480790.0,234683389.0,740004120.0,2061248860.0,956961779.0,734445978.0,683965187.0,1104287081.0,1141694059.0,35170269.0,248990291.0,843173823.0,1994416239.0,57274431.0,294214789.0,2433018215.0,2004164748.0,Lower Middle Income,Developing,0.3692331784293015,0.5696607826972915,0.938893961126593,0.3664598824687041,0.47748658385243686,0.5509961604214386,0.15771134399775402,0.4207108341973491,1517.2238811393688,556.0016851610442,560.2093960219298,864.3029436568752,Low,Medium,Low,High,Very High,High,High,Very High,Medium,High,High
660, Anguilla ,2021,2.7,2.7,15753.0, East Caribbean Dollar ,17312.0,2603704.0,,23837037.0,229889447.0,302818908.0,50327016.0,81471815.0,81471815.0,252491892.0,311110493.0,5885185.0,17222222.0,110629630.0,248248148.0,14933333.0,79022222.0,272722052.0,302714815.0,High Income,Developed,0.7594258212965229,1.0277346121959707,1.7871604334924935,0.26913719105554845,0.1662522397524548,0.8340916251489046,0.008601177976703915,0.36545826143328997,19216.32800101568,5171.828540595442,14593.375674474702,19749.285405954422,Low,Low,High,Very High,High,Very High,Very High,Medium,Very High,Low,High
226, Equatorial Guinea ,2021,554.530675,554.530675,1634466.0, CFA Franc BEAC ,6991.0,322900081.0,6531649.0,433954352.0,6776314042.0,10504287071.0,3098671503.0,477234194.0,470702545.0,7405615568.0,5326980333.0,3208197635.0,6135965336.0,3754881871.0,12376156068.0,761653086.0,966801341.0,11426919250.0,12430854974.0,Upper Middle Income,Developing,0.5451205131242488,0.4285288778721778,0.9736493909964266,0.03839109980754893,0.24927259705636398,0.5957446678840161,0.025975693681196347,0.30206143333291213,7605.453385998852,291.98172002354283,4145.888652318249,3259.1564052112435,Medium,Medium,High,High,Low,Very High,High,Very High,Medium,Medium,Medium
231, Ethiopia ,2021,43.73377832,43.73377832,120283026.0, Ethiopian Birr ,821.0,37298985183.0,4389464464.0,15714098271.0,7537296692.0,80454038198.0,8770457939.0,27817968377.0,23428503913.0,71683580259.0,16540790735.0,4571616269.0,5978396673.0,17202255164.0,95263247126.0,4195414074.0,14874097761.0,98771506966.0,99268512532.0,Low Income,Under-developed,0.07592837345649046,0.16662676122670764,0.24255513468319811,0.28022952764636877,0.08835085482088566,0.7221180053029628,0.37573833063103845,0.17329014735115242,825.2911140762288,231.27093906832707,62.66301191990298,137.51558540770333,High,Very High,Low,Low,High,Low,Low,Low,High,Very High,Low
659, Saint Kitts and Nevis ,2021,2.7,2.7,47606.0, East Caribbean Dollar ,17835.0,12248148.0,,140111111.0,316824066.0,749444098.0,164589233.0,266800463.0,266800463.0,584854865.0,472224183.0,41214815.0,54381481.0,392955556.0,763600000.0,88103704.0,75800000.0,849050390.0,860844444.0,High Income,Developed,0.36803869526978095,0.5485592505026379,0.9165979457724188,0.3099287738447668,0.1911950923853555,0.6793966890027346,0.014228061858757841,0.4564768451941127,18082.68798050666,5604.3453136159305,6655.128891316221,9919.425765659791,Low,Low,High,High,Very High,High,High,High,High,Low,Very High
232, Eritrea ,2021,15.075,15.075,3620312.0, Nakfa ,616.0,397588790.0,,362017492.0,696885418.0,2090794012.0,514099513.0,104669266.0,104669266.0,1576694499.0,636958978.0,138790170.0,358872204.0,638596523.0,2302404170.0,282974026.0,262355136.0,2229672327.0,2255389718.0,Low Income,Under-developed,0.3089866963736863,0.28241637040219936,0.5914030667758857,0.04640850544127558,0.22794265172756276,0.6990785168596747,0.17628385321919784,0.283142428957371,622.9821402133297,28.91167004390782,192.49319340432538,175.9403548644426,Low,Medium,Low,Medium,Low,Medium,Low,Very High,High,Very High,Medium
600, Paraguay ,2021,6774.162735,6774.162735,6703799.0, Guarani ,5842.0,4213161287.0,582912037.0,3136800787.0,14122303042.0,30201092594.0,4913178101.0,9384900465.0,8801988428.0,25287914493.0,13249910065.0,8193706613.0,11344586013.0,11523636803.0,37742896504.0,2733363328.0,4791348285.0,39162334271.0,40458386036.0,Upper Middle Income,Developing,0.34905749896780186,0.32749477582250036,0.6765522747903022,0.23196428193278115,0.12143781753004776,0.6250351773918696,0.10413567370806921,0.28482690319742937,6035.14306380606,1399.9376271573774,2106.6119437650204,1976.4778247378838,High,Medium,Medium,Medium,Medium,High,Medium,Low,High,High,Medium
288, Ghana ,2021,5.8057,5.8057,32833031.0, Cedi ,2348.0,15586248345.0,1348688277.0,5047826688.0,23651778425.0,63315377357.0,7868373663.0,14671931932.0,13323243655.0,55447003694.0,22556303288.0,8461977105.0,17304534082.0,13220019982.0,74261904068.0,8926025863.0,14177249108.0,77088309100.0,79082784426.0,Lower Middle Income,Developing,0.2990761971353151,0.2852239390876098,0.5843001362229249,0.18552624365077766,0.0994954049748041,0.7011260933267129,0.19708775377761886,0.16716685025639616,2408.634902638139,446.8649858126105,720.3653669684045,687.0003347543515,High,Very High,Medium,Medium,Low,Medium,Low,Low,High,Very High,Low
296, Kiribati ,2021,1.33122426,1.33122426,128874.0, Australian Dollar ,3018.0,52562627.0,-122957.0,10834421.0,10754925.0,355081374.0,160317677.0,47765507.0,47888465.0,194763697.0,201765194.0,11361518.0,15487008.0,117711534.0,227136573.0,17593725.0,12947257.0,388976942.0,227454167.0,Lower Middle Income,Developing,0.047283921599906326,0.8870586837830937,0.9343426053830001,0.2100005800289427,0.7048350844238435,0.8562766713348452,0.23109107075624602,0.517517597292469,1764.9344863975666,370.6372658565731,83.45302388379348,1565.600462467216,Low,Low,Medium,High,Medium,Low,Very High,Very High,Very High,Very High,Very High
28, Antigua and Barbuda ,2021,2.7,2.7,93219.0, East Caribbean Dollar ,14735.0,31959259.0,,192696296.0,724038736.0,994338587.0,232476329.0,542133259.0,542133259.0,761862258.0,839310581.0,34992593.0,114048148.0,528811111.0,1250925926.0,120248148.0,263162963.0,1373574656.0,1421200000.0,High Income,Developed,0.5094559076836476,0.5905647206585983,1.100020628342246,0.3814616232761047,0.16357749014916972,0.536069700253307,0.02248751688713763,0.3720877504925415,15245.818985399972,5815.694858344329,7767.07254958753,9003.64283032429,Low,Low,High,Very High,Very High,High,High,Medium,Medium,Medium,High
860, Uzbekistan ,2021,10609.46439,10609.46439,34081449.0, Uzbekistan Sum ,2023.0,17297620939.0,3759693041.0,4317095766.0,16436730553.0,52499017774.0,11561816373.0,28097991500.0,24338298459.0,40937201401.0,27794836661.0,13830487044.0,17871477269.0,17662554131.0,66237697674.0,4604505732.0,4484443837.0,68960168219.0,69238903166.0,Lower Middle Income,Developing,0.23739155014620902,0.4014338094634744,0.6388253596096835,0.4058121982758042,0.16698439525075362,0.5912456657907076,0.24982517267104912,0.25509581064064657,2031.5715791896055,824.4365285055809,482.2779264168023,815.54151823181,High,Very High,Low,Medium,Very High,Medium,Medium,Medium,Medium,Very High,Low
262, Djibouti ,2021,177.721,177.721,1105557.0, Djibouti Franc ,3254.0,43575428.0,573690929.0,131810419.0,5608227373.0,3052318280.0,783890421.0,1576878314.0,1003187385.0,2268427859.0,6556945938.0,94739561.0,245028782.0,949737803.0,3183665707.0,794274257.0,1019239017.0,3596939893.0,3701419641.0,Lower Middle Income,Developing,1.5151557826296194,1.7714678620521211,3.2866236446817405,0.4260198699259023,0.21178101837386343,0.612853466781504,0.011772625702128541,0.2565874434986822,3348.01339143979,1426.3202295313583,5072.761850361401,5930.898124655717,Low,Low,Medium,Very High,Very High,Very High,Very High,High,Medium,Low,Low
624, Guinea-Bissau ,2021,554.530675,554.530675,2060721.0, CFA Franc BCEAO ,760.0,500610377.0,1222972.0,29213939.0,280981048.0,1657678064.0,236463327.0,115935927.0,114712956.0,1421214737.0,512717373.0,166848728.0,184741082.0,311052593.0,1543583637.0,104133078.0,413832568.0,1565368514.0,1563164283.0,Low Income,Under-developed,0.17975145098680584,0.32799967257184315,0.507751123558649,0.07416746164228984,0.15127221724013765,0.909190897243652,0.3202544879283171,0.19898906108770142,758.5521198648435,56.25988525375342,136.35084419482308,248.80484694434617,Low,Medium,Low,Low,Low,Low,Medium,Medium,Very High,Very High,Low
620, Portugal ,2021,0.845494139,0.845494139,10290103.0, Euro ,24353.0,5556320007.0,624965894.0,10572030708.0,106000000000.0,209000000000.0,47727932275.0,52353825963.0,51728860069.0,161000000000.0,113000000000.0,31522711719.0,39296756147.0,108000000000.0,220000000000.0,17304256513.0,38549494362.0,251000000000.0,254000000000.0,High Income,Developed,0.41732283464566927,0.4448818897637795,0.8622047244094488,0.2061174250511811,0.18790524517716536,0.6338582677165354,0.021875275618110236,0.4251968503937008,24683.91229903141,5087.784443265534,10301.160250776888,10981.425550356493,Very High,High,Very High,High,Medium,High,High,High,High,Medium,High
646, Rwanda ,2021,988.6248066,988.6248066,13461888.0, Rwanda Franc ,795.0,2663295502.0,-38437231.0,766721607.0,2110001677.0,9901632991.0,1877355279.0,2910102984.0,2948540215.0,8024277711.0,3850803636.0,1016563608.0,1485902428.0,3226704387.0,10201038790.0,831457996.0,1226956872.0,10699102688.0,11069922510.0,Low Income,Under-developed,0.19060672512331797,0.34786184207896503,0.538468567202283,0.2628837718937203,0.1695906432320636,0.724872076001551,0.24058845033414783,0.2914839181652049,822.315748727073,216.1734657129817,156.73891188219662,286.052271122743,Medium,High,Low,Low,High,Low,Medium,High,High,Very High,Medium
233, Estonia ,2021,0.845494139,0.845494139,1328701.0, Euro ,27506.0,751513193.0,551660832.0,2183102064.0,29119437815.0,25271638226.0,7365858276.0,11287192378.0,10735531546.0,17905779950.0,29255091032.0,4730251596.0,6410452481.0,14085372627.0,32603655936.0,4854202781.0,4319012790.0,36546675581.0,37191166152.0,High Income,Developed,0.7829665167257485,0.7866139747389118,1.5695804914646603,0.3034912197124805,0.1980539745889063,0.48145250075835805,0.020206766034938824,0.3787289855185824,27990.621029110385,8494.907716634518,21915.719048153045,22017.81366311909,High,Medium,Very High,Very High,Very High,Very High,Very High,High,Low,Low,High
643, Russian Federation ,2021,73.65435,73.65435,145102755.0, Russian Ruble ,11960.0,67533078862.0,46260675710.0,121000000000.0,549000000000.0,1210000000000.0,313000000000.0,399000000000.0,353000000000.0,894000000000.0,379000000000.0,261000000000.0,468000000000.0,566000000000.0,1600000000000.0,116000000000.0,260000000000.0,1740000000000.0,1780000000000.0,Upper Middle Income,Developing,0.30842696629213484,0.21292134831460674,0.5213483146067416,0.22415730337078651,0.17584269662921348,0.5022471910112359,0.03793993194494382,0.31797752808988766,12267.168876290461,2749.775495303311,3783.5256815075636,2611.9421371427443,Very High,Very High,High,Low,Medium,Medium,Low,High,Low,Medium,Medium
858, Uruguay ,2021,43.554575,43.554575,3426260.0, Peso Uruguayo ,16498.0,3909858221.0,-261429615.0,2714508318.0,18674430265.0,44761146469.0,9907203542.0,10903522886.0,11164952501.0,34853942927.0,15021487601.0,6192522071.0,7866137519.0,25279466298.0,52092843445.0,5102265724.0,7220607365.0,56527549591.0,59317612018.0,High Income,Developed,0.3148210055949862,0.25323823886304986,0.568059244458036,0.18381594462520362,0.16701959510766629,0.5875816935520521,0.06591395182620549,0.4261713416637358,17312.641777915276,3182.3396023652613,5450.383294029058,4384.222913906125,High,Medium,High,Medium,Low,Medium,Low,Medium,Medium,High,High
674, San Marino ,2021,0.845494139,0.845494139,33745.0, Euro ,45440.0,232469.0,-16112892.0,73795453.0,3047387074.0,951440459.0,341048758.0,316594312.0,332707203.0,610391701.0,2613132369.0,560093335.0,560093335.0,610826989.0,1605284301.0,114841948.0,245494106.0,1533364674.0,1701595072.0,High Income,Developed,1.7909002700731846,1.535695778625292,3.3265960486984767,0.18605737475948683,0.20042885855278264,0.3587173652792525,0.0001366182847055166,0.35897317702151876,50425.10214846644,9381.962127722625,90306.32905615646,77437.61650614906,Low,Low,Very High,Very High,Medium,Very High,Very High,High,Low,Low,High
212, Dominica ,2021,2.7,2.7,72412.0, East Caribbean Dollar ,7594.0,94477778.0,,32639883.0,114172210.0,541529732.0,124677104.0,155840710.0,155840710.0,416852629.0,276621480.0,12174074.0,31849006.0,170074170.0,465007407.0,73318445.0,62648126.0,549867076.0,548215595.0,Upper Middle Income,Developing,0.2082615143409045,0.504585207941777,0.7128467222826815,0.28426902011060085,0.22742349020552763,0.7603808297354255,0.17233690333088755,0.31023227276123,7570.783778931669,2152.139286306137,1576.702894547865,3820.1055073744683,Low,Low,High,Medium,High,Low,High,Very High,Very High,Very High,Medium
214, Dominican Republic ,2021,57.22111667,57.22111667,11117873.0, Dominican Peso ,8053.0,5339627232.0,337979740.0,13469953952.0,20500491794.0,73394302233.0,10805114695.0,29547286344.0,29209306604.0,62589187539.0,29198653884.0,14287199773.0,17311947973.0,27499624006.0,87606406525.0,8739375330.0,15245878031.0,89537227858.0,94243426487.0,Upper Middle Income,Developing,0.2175270208031735,0.30982164987419764,0.5273486706773711,0.3135209260252838,0.1146511231368531,0.6641225799194981,0.056657821463405214,0.2917935502885532,8476.749688272208,2657.638411951639,1843.922105784083,2626.2805739910864,High,High,High,Low,Very High,Low,Medium,Low,High,Medium,Medium
670, St. Vincent and the Grenadines ,2021,2.7,2.7,104332.0, East Caribbean Dollar ,8395.0,57463034.0,,53196295.0,138551578.0,874938041.0,182876642.0,282802230.0,282802230.0,684674757.0,415725926.0,35483053.0,66530284.0,354600563.0,743276596.0,92244538.0,119241882.0,875838113.0,880564698.0,Upper Middle Income,Developing,0.15734400699311252,0.4721128690989154,0.6294568760920279,0.3211600813004657,0.20768109647747882,0.7775405470547264,0.06525702669038863,0.4026967737923103,8440.025092972433,2710.5991450369975,1327.9873672506997,3984.644461910056,Low,Low,High,Medium,Very High,Low,High,High,Very High,Medium,High
586, Pakistan ,2021,162.9062537,162.9062537,231402117.0, Pakistan Rupee ,1584.0,77657773775.0,5480010616.0,8497230574.0,31024419774.0,323000000000.0,37461164686.0,50158866293.0,44678855677.0,285000000000.0,61622526877.0,40798986209.0,55879855994.0,80503772558.0,321000000000.0,34737229970.0,63235460659.0,366000000000.0,343000000000.0,Lower Middle Income,Developing,0.09045020342274053,0.17965751276093295,0.27010771618367346,0.14623576178717201,0.10921622357434402,0.8309037900874635,0.22640750371720117,0.23470487626239067,1482.26820241234,216.76061975267064,134.07146043525609,266.3006184900201,Very High,Very High,Low,Low,Low,Low,Low,Low,Very High,Very High,Low
308, Grenada ,2021,2.7,2.7,124610.0, East Caribbean Dollar ,8529.0,57588259.0,,87185333.0,448478543.0,977218225.0,148284556.0,342777564.0,342777564.0,828933669.0,670307836.0,35877259.0,77233927.0,502237037.0,956492370.0,102531474.0,129716340.0,1062761900.0,1115287981.0,Upper Middle Income,Developing,0.402119049644811,0.6010177168761223,1.0031367665209332,0.30734444362312197,0.13295629337549544,0.7432463033061234,0.05163532646372166,0.4503204961911985,8950.228561110665,2750.8030174143328,3599.0574030976645,5379.245935318193,Low,Low,High,High,Very High,High,High,Medium,Very High,Medium,Very High
320, Guatemala ,2021,7.734388333,7.734388333,17608483.0, Quetzal ,4791.0,8079956883.0,1014603485.0,4637037000.0,15296700178.0,83679317336.0,9722794487.0,14587059673.0,13572456188.0,73956522849.0,27577195374.0,12037313285.0,14483333242.0,28162667217.0,80625209157.0,5730678217.0,19531536599.0,84360880033.0,85985881813.0,Upper Middle Income,Developing,0.17789781130891802,0.3207177131005554,0.49861552440947343,0.1696448226782576,0.11307431268943542,0.8601007664239444,0.09396841333292474,0.3275266430162045,4883.207815971427,828.4109240415543,868.7119826279186,1566.1312433331138,High,High,Medium,Low,Low,Low,Medium,Low,Very High,High,Medium
270, Gambia ,2021,51.48444388,51.48444388,2639916.0, Dalasi ,753.0,456986884.0,,256953209.0,135583292.0,1994666382.0,199933486.0,663249306.0,663249306.0,1794732897.0,726966861.0,38132693.0,91372231.0,288792555.0,1892987815.0,122982520.0,675900414.0,1988020570.0,2038414974.0,Low Income,Under-developed,0.06651407771693499,0.35663339912258707,0.4231474768395221,0.3253750165985584,0.09808281853800785,0.880455118261901,0.2241873660804456,0.1416750557092405,772.1514525462173,251.23879168882647,51.358941723903335,275.3749971590005,Low,Medium,Low,Low,Very High,Low,Medium,Low,Very High,Very High,Low
275, State of Palestine ,2021,1.0,1.0,5133392.0, US Dollar ,4176.0,1293555240.0,285500000.0,969623319.0,3180200000.0,20197800000.0,4354600000.0,4647900000.0,4362400000.0,15843200000.0,10244900000.0,2033892808.0,2321817336.0,5821892788.0,15505597826.0,887108581.0,4211600562.0,21434600000.0,18036800000.0,Lower Middle Income,Developing,0.17631730683935065,0.5679998669387031,0.7443171737780537,0.25768983411691654,0.24142863479109378,0.8783819746296461,0.0717175574381265,0.3227785853366451,3513.6221819802577,905.4247172240109,619.5124003777619,1995.736931837662,Medium,Medium,Medium,Medium,High,Low,High,Very High,Very High,High,Medium
608, Philippines ,2021,49.25459773,49.25459773,113880328.0, Philippine Peso ,3584.0,39678420574.0,-4394276534.0,27356761112.0,101000000000.0,358000000000.0,61336410378.0,83482302711.0,87876579245.0,297000000000.0,149000000000.0,69504249730.0,86480541201.0,138000000000.0,394000000000.0,25279078744.0,76916279078.0,408000000000.0,394000000000.0,Lower Middle Income,Developing,0.2563451776649746,0.37817258883248733,0.6345177664974619,0.21188401703299492,0.1556761684720812,0.7538071065989848,0.10070665120304569,0.350253807106599,3459.77226198365,733.0704448884271,886.8959351785498,1308.3910330851875,Very High,Very High,Medium,Medium,Medium,Medium,Medium,Medium,Very High,High,High
276, Germany ,2021,0.845494139,0.845494139,83408554.0, Euro ,52885.0,36240345841.0,59140563725.0,213000000000.0,2000000000000.0,3040000000000.0,943000000000.0,992000000000.0,933000000000.0,2100000000000.0,1780000000000.0,803000000000.0,926000000000.0,1870000000000.0,3850000000000.0,367000000000.0,438000000000.0,4410000000000.0,4260000000000.0,High Income,Developed,0.4694835680751174,0.41784037558685444,0.8873239436619719,0.23286384976525823,0.22136150234741783,0.49295774647887325,0.00850712343685446,0.43896713615023475,51073.898247894336,11893.264568523751,23978.35598492692,21340.736826584958,Very High,Very High,Very High,High,Medium,High,Medium,Very High,Low,Low,Very High
604, Peru ,2021,3.880554131,3.880554131,33715471.0, Nuevo Sol ,6446.0,15561179655.0,-2062334329.0,17150385679.0,64933252177.0,167000000000.0,31261772389.0,50538916186.0,52601250515.0,135000000000.0,58979721002.0,29350962812.0,61083286555.0,62840252125.0,204000000000.0,17487966332.0,29542172617.0,217000000000.0,223000000000.0,Upper Middle Income,Developing,0.29118050303587445,0.2644830538206278,0.5556635568565023,0.22663191114798206,0.14018732013004484,0.6053811659192825,0.06978107468609865,0.28179485257847536,6614.17424659439,1498.982950171451,1925.9185842902803,1749.3370032410344,Very High,Very High,Medium,Low,Medium,Medium,Low,Medium,Medium,High,Medium
218, Ecuador ,2021,1.0,1.0,17797737.0, US Dollar ,5873.0,9994760000.0,1223996000.0,9320219000.0,27803104000.0,81387407000.0,16222352000.0,23726652000.0,22502656000.0,65165055000.0,26751297000.0,17829883000.0,23775441000.0,35734939000.0,99793443000.0,8211188000.0,12756896000.0,105000000000.0,106000000000.0,Upper Middle Income,Developing,0.2622934339622642,0.25237072641509434,0.5146641603773585,0.22383633962264152,0.1530410566037736,0.6147646698113207,0.09429018867924528,0.33712206603773587,5955.8133711044275,1333.1274644636,1562.170741145349,1503.0729468583563,High,High,Medium,Low,Medium,Medium,Low,Medium,Medium,High,High
662, Saint Lucia ,2021,2.7,2.7,179651.0, East Caribbean Dollar ,9655.0,33178589.0,,72646672.0,542885843.0,1566753032.0,232016775.0,427493069.0,427493069.0,1334736257.0,800822401.0,67705916.0,124424770.0,671623981.0,1531816795.0,139804834.0,490137949.0,1734513535.0,1764902581.0,Upper Middle Income,Developing,0.3076010250335738,0.45374878456251744,0.7613498095960912,0.24221907407364146,0.1314615194616229,0.7562662502559965,0.018799105036834893,0.3805445060992859,9824.062103745595,2379.5752264112084,3021.8915731056327,4457.656239041252,Low,Low,High,Medium,High,Medium,High,Medium,Very High,Low,High
222, El Salvador ,2021,1.0,1.0,6314167.0, US Dollar ,4294.0,1413032428.0,347329652.0,1516255742.0,8490952259.0,29622555551.0,5647168610.0,6377385153.0,6030055500.0,23975386941.0,15753952107.0,4361626099.0,5394329190.0,11046266427.0,25528830593.0,2119720709.0,4039226097.0,27112722585.0,28736940855.0,Lower Middle Income,Developing,0.2954716823145301,0.5482125667617448,0.8436842490762749,0.2219228965664376,0.19651251810324263,0.834305469812333,0.04917128914764578,0.3843925657479313,4551.184796822764,1010.0121129200415,1344.7462284415346,2495.0166992732375,High,Medium,Medium,High,Medium,Medium,High,High,Very High,Medium,High
688, Serbia ,2021,99.39594167,99.39594167,7296769.0, Serbian Dinar ,8377.0,4118418237.0,1992114116.0,3766796948.0,34309384827.0,51845907125.0,10589335765.0,16172467854.0,14180353738.0,41256571360.0,39259651071.0,8348457909.0,12160725516.0,18473660778.0,52549480754.0,5720720128.0,8309159146.0,61127521109.0,63068108024.0,Upper Middle Income,Developing,0.5440052968442287,0.6224960966969247,1.1665013935411535,0.2564286191658978,0.1679031779575554,0.6541590140027695,0.06530112232687832,0.2929160451581965,8643.292397498126,2216.387534537547,4701.996846412433,5380.415780052787,High,High,High,Very High,High,Very High,Very High,Medium,High,Medium,Medium
31, Azerbaijan ,2021,1.7,1.7,10312992.0, Azerbaijanian Manat ,5263.0,3209882353.0,397470588.0,3218176471.0,25487647059.0,36014411765.0,7338176471.0,9457058824.0,9059588235.0,28676235294.0,16336941176.0,3727705882.0,23233882353.0,9395588235.0,50008000000.0,4723294118.0,6227176471.0,54276583194.0,54622176471.0,Upper Middle Income,Developing,0.46661720029651144,0.2990898977574357,0.7657070980539471,0.17313588426892768,0.13434427086397746,0.5249925423463268,0.05876518587105716,0.1720105063918188,5296.443211727498,917.0043789425998,2471.4115029857485,1584.112658673642,High,High,Medium,Medium,Low,High,Low,Medium,Medium,Medium,Low
686, Senegal ,2021,554.530675,554.530675,16876720.0, CFA Franc BCEAO ,1602.0,4233226378.0,1094067961.0,858907702.0,6398308754.0,22962676245.0,3917778343.0,10465051481.0,9370983521.0,19044897901.0,12200873996.0,4077911848.0,5955125490.0,7871470234.0,24748630277.0,2040410377.0,3789490096.0,27041622169.0,27625162484.0,Lower Middle Income,Developing,0.23161162428296253,0.4416579994078416,0.6732696236908041,0.37882316482522665,0.14181919636740986,0.6894040138960437,0.1532380625978873,0.2849384230249873,1636.879825226703,620.0879958309434,379.1203950767685,722.941068880683,Medium,High,Low,Medium,Very High,Medium,High,Medium,High,High,Medium
203, Czechia ,2021,21.67816667,21.67816667,10510751.0, Czech Koruna ,25608.0,5200485896.0,11361984793.0,14324919850.0,205000000000.0,188000000000.0,60566514696.0,85053779148.0,73691794355.0,128000000000.0,197000000000.0,59399672482.0,70963011940.0,102000000000.0,256000000000.0,32320814337.0,31229532018.0,269000000000.0,282000000000.0,High Income,Developed,0.7269503546099291,0.6985815602836879,1.425531914893617,0.30160914591489363,0.21477487480851065,0.45390070921985815,0.01844143934751773,0.3617021276595745,26829.67182839742,8092.0744053398275,19503.839449721527,18742.714007781175,Very High,High,Very High,Very High,Very High,Very High,Very High,High,Low,Low,High
682, Saudi Arabia ,2021,3.75,3.75,35950396.0, Saudi Riyal ,23642.0,19267089709.0,384349796.0,45513407534.0,290000000000.0,550000000000.0,204000000000.0,197000000000.0,197000000000.0,346000000000.0,203000000000.0,109000000000.0,334000000000.0,267000000000.0,788000000000.0,45671772961.0,76680354158.0,850000000000.0,834000000000.0,High Income,Developed,0.34772182254196643,0.2434052757793765,0.5911270983213429,0.23621103117505995,0.2446043165467626,0.4148681055155875,0.02310202602997602,0.32014388489208634,23198.63180366636,5479.772740194572,8066.670531250894,5646.669371875625,Very High,Very High,Very High,Medium,High,High,Low,Very High,Low,Medium,Medium
583, Micronesia (FS of) ,2021,1.0,1.0,113131.0, US Dollar ,3934.0,90881445.0,6835778.0,7536789.0,97800000.0,431508551.0,176875782.0,114499298.0,107663520.0,254632769.0,289000000.0,1990518.0,12095733.0,194156967.0,380528744.0,23335764.0,52522047.0,445078050.0,404178050.0,Lower Middle Income,Developing,0.241972566298442,0.7150314075690157,0.9570039738674577,0.28328925333773075,0.43761847532294246,0.630001478308879,0.2248549741877373,0.48037484222609317,3572.6551519919385,1012.0948104409932,864.4845356268397,2554.5606420874915,Low,Low,Medium,High,High,Medium,Very High,Very High,High,Very High,Very High
332, Haiti ,2021,89.22663651,89.22663651,11447569.0, Gourde ,1665.0,3925920865.0,,786989613.0,1354909304.0,19951945625.0,1418578632.0,3437022979.0,3437022979.0,18533366993.0,5700136415.0,3676032324.0,4058965512.0,4492675776.0,18594090360.0,807796688.0,4521741904.0,19064726488.0,19043741493.0,Lower Middle Income,Developing,0.07114722201506624,0.29931809445613544,0.3704653164712017,0.18048044709404207,0.07449054234019264,0.9731998830068345,0.20615281227394677,0.2359135035335044,1663.562062216004,300.240424757431,118.35781937632348,497.9342264720134,Medium,High,Low,Low,Low,Low,Low,Low,Very High,Very High,Low
340, Honduras ,2021,24.01665532,24.01665532,10278345.0, Lempira ,2546.0,3145396350.0,423322892.0,1652157616.0,10957712323.0,28334669870.0,4165055402.0,6835797815.0,6412474923.0,24169614468.0,17639458712.0,4663663549.0,5920274829.0,9605445344.0,26946398710.0,1809731597.0,4813392974.0,26171879119.0,28488721296.0,Lower Middle Income,Developing,0.3846333504810036,0.6191734100216247,1.0038067605026284,0.23994751270074693,0.14620015264022398,0.8483923941996502,0.11040847770312646,0.33716660162450557,2771.7226164328986,665.0679477094804,1066.0969565625594,1716.1769440508176,High,High,Medium,High,High,High,Very High,Medium,Very High,High,High
300, Greece ,2021,0.845494139,0.845494139,10445365.0, Euro ,20481.0,8317434358.0,10454199022.0,3459628950.0,87827556200.0,192000000000.0,46479493106.0,38992003000.0,28537803978.0,146000000000.0,104000000000.0,18582627930.0,29442548274.0,92328073523.0,188000000000.0,18992680962.0,35122577673.0,214000000000.0,215000000000.0,High Income,Developed,0.40850026139534884,0.48372093023255813,0.892221191627907,0.1813581534883721,0.21618368886511627,0.6790697674418604,0.0386857412,0.42943290010697677,20583.29220663902,3732.947867307653,8408.280246788887,9956.569253443991,Very High,High,High,High,Low,High,High,High,High,Medium,Very High
24, Angola ,2021,631.4419555,631.4419555,34503774.0, Kwanza ,2070.0,8101381220.0,1232228649.0,4407157262.0,31095400431.0,36105433418.0,5612239172.0,14799999130.0,13567770481.0,30493194246.0,11467589802.0,4613059007.0,29112064600.0,12549986473.0,70491391349.0,1434058969.0,14886742824.0,71422092267.0,70533243177.0,Lower Middle Income,Developing,0.4408616282249703,0.16258418421541457,0.6034458124403849,0.20983012354699285,0.07956871000410883,0.43232372243934253,0.11485904879873379,0.17793009236093643,2044.2182115208614,428.9385598804351,901.2173691782239,332.35755027841304,High,Very High,Low,Medium,Medium,High,Low,Low,Low,High,Low
598, Papua New Guinea ,2021,3.50877193,3.50877193,9949437.0, Kina ,2607.0,5145732000.0,107775601.0,1516827000.0,12198558491.0,21789086141.0,6093385716.0,2111131253.0,2003355653.0,15695700425.0,9504257385.0,452437500.0,7578663000.0,7293891000.0,25422370500.0,1000293000.0,2886964500.0,25938447797.0,26594518500.0,Lower Middle Income,Developing,0.45868694674806765,0.3573765543076104,0.816063501055678,0.07938219498127029,0.22912186644777946,0.590185546130493,0.1934884438686115,0.2742629463285827,2672.967173921499,212.1860013787715,1226.0551517638637,955.2557983934166,Medium,High,Medium,High,Low,High,Medium,Very High,Medium,Very High,Medium
304, Greenland ,2021,6.287113083,6.287113083,56243.0, Danish Krone ,56613.0,588299617.0,,367995324.0,1329743575.0,2597729078.0,1436176618.0,930649400.0,930649400.0,1161552461.0,1585609516.0,132373077.0,218188702.0,1268759996.0,3145680973.0,350129469.0,352307865.0,3184058181.0,3272512495.0,High Income,Developed,0.4063372033053154,0.48452359415666646,0.8908607974619819,0.2843837575630097,0.43886054528265445,0.3549421011454381,0.1797700139873721,0.38770210898766944,58185.24074107,16546.937396653804,23642.827996372882,28192.121970734137,Low,Low,Very High,High,High,High,High,Very High,Low,Very High,High
591, Panama ,2021,1.0,1.0,4351267.0, Balboa ,14012.0,1653008354.0,-1081661219.0,9191713711.0,32479296000.0,41379053000.0,9866117000.0,16228135781.0,17309797000.0,31512936000.0,26481419000.0,3440629156.0,8415531864.0,21272046264.0,61243116679.0,8004669382.0,12706147103.0,60968596257.0,63605065781.0,High Income,Developed,0.5106400819052712,0.4163413507216352,0.9269814326269064,0.2551390456363248,0.1551152707548522,0.49544695242518705,0.025988627379012693,0.3344394979048092,14617.596617490952,3729.5196504834107,7464.330734013794,6085.909920030189,High,Medium,High,High,High,High,Medium,Medium,Low,Medium,High
204, Benin ,2021,554.6077989,554.6077989,12996895.0, CFA Franc BCEAO ,1347.0,5046093382.0,71311878.0,1016672337.0,3700039684.0,13684318285.0,1782198674.0,5102988756.0,5031676877.0,11902119611.0,4799723190.0,1676745645.0,1896019448.0,3882025065.0,16074746480.0,1578600764.0,2655335484.0,17502880446.0,17687623535.0,Lower Middle Income,Developing,0.20918806173584698,0.27136054657101794,0.4805486083068649,0.28850618320218563,0.10075964532337611,0.6729066563096092,0.2852895060783529,0.21947691600956498,1360.9114742405782,392.63137510920876,284.6864334904606,369.2976814846931,Medium,High,Low,Low,Very High,Low,Low,Low,High,Very High,Low
208, Denmark ,2021,6.287113083,6.287113083,5854240.0, Danish Krone ,70390.0,3454049532.0,867515174.0,19251761247.0,238000000000.0,278000000000.0,96769711633.0,91486046688.0,90618531514.0,182000000000.0,209000000000.0,47621538864.0,57700568646.0,170000000000.0,346000000000.0,43440764691.0,52452054810.0,412000000000.0,398000000000.0,High Income,Developed,0.5979899497487438,0.5251256281407035,1.1231155778894473,0.22986443891457287,0.24313997897738693,0.457286432160804,0.008678516412060302,0.4271356783919598,67984.91349859248,15627.31399600973,40654.295006696004,35700.620405039765,Very High,Medium,Very High,Very High,Medium,Very High,High,Very High,Low,Low,High
678, Sao Tome and Principe ,2021,20.58316667,20.58316667,223107.0, Dobra ,2512.0,69134978.0,,29323309.0,87044116.0,535792546.0,82656610.0,145132939.0,145132939.0,453135935.0,213366304.0,33336706.0,46339124.0,170721533.0,543904845.0,61904630.0,166481271.0,560381545.0,554603297.0,Lower Middle Income,Developing,0.15694842867116962,0.38471878035012835,0.541667209021298,0.261687840272612,0.14903735777827518,0.8170451518249809,0.1246566300163917,0.30782639397111267,2485.8175539091108,650.5082269942225,390.1451590492454,956.3406975128526,Low,Low,Medium,Low,High,Low,Medium,Medium,Very High,High,Medium
184, Cook Islands ,2021,1.4138,1.4138,17003.0, New Zealand Dollar ,19264.0,8945543.0,,10361924.0,277878440.0,208664297.0,101816666.0,34787340.0,34787340.0,106847630.0,195667916.0,12799657.0,23833749.0,136807527.0,297682388.0,36339249.0,81394396.0,327543922.0,327543922.0,High Income,Developed,0.8483700088319758,0.5973791691973451,1.445749178029321,0.10620664180726272,0.31084889433545954,0.32620855654283826,0.027310972358693317,0.41767689097891425,19263.89001940834,2045.9530671058048,16342.906545903665,11507.846615303182,Low,Low,High,Very High,Low,Very High,High,Very High,Low,Medium,High
854, Burkina Faso ,2021,554.530675,554.530675,22100683.0, CFA Franc BCEAO ,865.0,3446317424.0,438548906.0,641185343.0,5424483543.0,15225828356.0,3320074575.0,4205285452.0,3766736546.0,11905753781.0,5848263830.0,1879424457.0,5676632863.0,5689541467.0,18072421932.0,838024778.0,1780720057.0,19113903222.0,19737616003.0,Low Income,Under-developed,0.27482972321355886,0.2963004158714557,0.5711301390850146,0.2130594419995212,0.1682105161279543,0.6032012062242166,0.17460656968279148,0.2882587981312041,893.0771959853006,190.27852903912517,245.44415858098142,264.6191445757581,Medium,High,Low,Medium,Medium,Medium,Low,High,Medium,Very High,Medium
188, Costa Rica ,2021,620.78472,620.78472,5153957.0, Costa Rican Colon ,11627.0,2863275923.0,1208578435.0,2655400952.0,23226247652.0,50591665787.0,10444342811.0,12625618580.0,11417040145.0,40147322975.0,22161095425.0,8923515417.0,10553540244.0,30137146701.0,59056307182.0,5704930357.0,7142013006.0,59926089135.0,64282436594.0,Upper Middle Income,Developing,0.3613156078493747,0.3447457283700487,0.7060613362194234,0.19640852539149786,0.16247583888216918,0.6245457562314506,0.04454211872963217,0.46882396339987126,12472.443327330826,2449.6942019500743,4506.488442181415,4299.8215594348185,High,Medium,High,Medium,Medium,High,Medium,Medium,High,Medium,Very High
694, Sierra Leone ,2021,10439.42532,10439.42532,8420641.0, Leone ,499.0,2441133704.0,16966676.0,32608500.0,719316463.0,4817258246.0,311244020.0,474506388.0,457539712.0,4506014226.0,1761846791.0,79790886.0,219528463.0,1003099565.0,4066836698.0,121293937.0,249172528.0,4200434953.0,4249234287.0,Low Income,Under-developed,0.1692814315277128,0.4146268885173382,0.583908320045051,0.11166868097899257,0.073247083822187,1.0604296966598397,0.5744879051428966,0.23606595853489593,504.6212380981448,56.35038805240599,85.42300556454074,209.22953383240065,Low,High,Low,Medium,Low,Low,Medium,Low,Very High,Very High,Low
191, Croatia ,2021,6.360083167,6.360083167,4060135.0, Croatian Kuna ,16950.0,2004502090.0,739235616.0,3426386012.0,35358798636.0,54933747067.0,15327158065.0,15035337981.0,14296102365.0,39606589002.0,36372794811.0,7862145618.0,10218073930.0,25819505138.0,57298951987.0,5964827661.0,9865657155.0,68820292559.0,68955088873.0,High Income,Developed,0.5127801183915965,0.5274852865172958,1.0402654049088924,0.21804537165765622,0.22227740280676356,0.5743823936612795,0.029069675969700347,0.3744394439916365,16983.44731714586,3703.162082295293,8708.774125983495,8958.518574136082,High,Medium,High,High,Medium,High,High,Very High,Medium,Medium,High
352, Iceland ,2021,126.9888602,126.9888602,370335.0, Iceland Krona ,69996.0,1158138673.0,36659279.0,1825391146.0,9779499273.0,20211084845.0,7028090524.0,5848534775.0,5811875497.0,13182994322.0,10236699691.0,2347147951.0,3395031315.0,11691687488.0,22921749769.0,2251445777.0,2600055371.0,25921824912.0,25602419210.0,High Income,Developed,0.3819755935087667,0.39983329727690997,0.7818088907856766,0.2284368022813888,0.2745088449006769,0.5149120563126659,0.04523551714002264,0.4566633876314847,69133.13408130477,15792.552081223757,26407.169921827535,27641.728950814802,Medium,Low,Very High,Medium,Medium,High,Medium,Very High,Low,Medium,Very High
356, India ,2021,73.91801282,73.91801282,1407563842.0, Indian Rupee ,2239.0,538000000000.0,29515077887.0,233000000000.0,685000000000.0,2260000000000.0,356000000000.0,998000000000.0,969000000000.0,1910000000000.0,765000000000.0,447000000000.0,596000000000.0,1040000000000.0,2890000000000.0,171000000000.0,306000000000.0,3150000000000.0,3200000000000.0,Lower Middle Income,Developing,0.2140625,0.2390625,0.453125,0.311875,0.11125,0.596875,0.168125,0.325,2273.431516579125,709.0264542331147,486.65643401771894,543.4922219321971,Very High,Very High,Low,Low,Very High,Low,Low,Low,Medium,High,Medium
558, Nicaragua ,2021,35.17101667,35.17101667,6850540.0, Cordoba Oro ,1927.0,2169868164.0,-32724221.0,637431561.0,6563591377.0,12462626614.0,1994432151.0,3309518127.0,3342242348.0,10468194463.0,8322721665.0,1957544984.0,3172680221.0,3838912057.0,12470221649.0,595243804.0,2056085842.0,13198637240.0,14013014452.0,Lower Middle Income,Developing,0.4683925360587361,0.5939280012525887,1.062320537311325,0.23617460314027228,0.1423271315270317,0.7470337305979109,0.15484663713383287,0.2739533360327116,2045.5342866401772,483.1032483570638,958.1129921144902,1214.9000903578403,Medium,High,Low,High,High,High,High,Medium,Very High,High,Medium
585, Palau ,2021,1.0,1.0,18024.0, US Dollar ,16252.0,8316513.0,142086.0,18102991.0,13315887.0,303187556.0,98018585.0,73765988.0,73623902.0,205168971.0,173663248.0,2448466.0,8252673.0,109470202.0,194159052.0,8320944.0,41695727.0,292932037.0,217804328.0,High Income,Developed,0.06113692561701529,0.7973360749745984,0.8584730005916136,0.33868008352891865,0.4500304741419096,0.9419875761146491,0.03818341479421841,0.502608019800231,12084.128273413227,4092.6535730137593,738.7864513981358,9635.111407012871,Low,Low,High,High,Very High,Low,Very High,Very High,Very High,Medium,Very High
862, Venezuela (Bolivarian Republic of) ,2021,0.713007491,3.069789807,28199867.0, Bolivar Digital ,3528.0,5702517672.0,,2516933712.0,29554197590.0,108000000000.0,9424965611.0,12300789096.0,21563030898.0,98195685898.0,49964407683.0,16722138661.0,48717360657.0,16396805420.0,106000000000.0,7160806643.0,25569357335.0,99479326894.0,112000000000.0,Lower Middle Income,Developing,0.2638767641964286,0.4461107828839286,0.7099875470803572,0.10982847407142857,0.08415147866964286,0.8767471955178572,0.050915336357142855,0.14640004839285714,3971.649937214243,436.2002521501254,1048.0261339530432,1771.7958628315516,High,Very High,Medium,Medium,Low,Medium,High,Low,Very High,Medium,Low
324, Guinea ,2021,9795.705833,9795.705833,13531906.0, Guinea Franc ,1046.0,4070368272.0,-313701670.0,331672269.0,10334564034.0,11508119957.0,2081421707.0,2509361505.0,2823063175.0,9426698249.0,8387189025.0,1495875141.0,4156478522.0,2465495674.0,14469955824.0,687276919.0,2758664169.0,14154315104.0,16036108888.0,Low Income,Under-developed,0.644455840639338,0.5230189619924711,1.1674748026318091,0.1564819447489399,0.12979593251312674,0.5878419955138933,0.25382518293112255,0.15374650366991197,1185.0591400797493,185.44035888218556,763.7182843274259,619.8084013442009,Medium,High,Low,Very High,Low,Very High,High,Medium,Medium,Very High,Low
328, Guyana ,2021,208.5,208.5,804567.0, Guyana Dollar ,11063.0,1085118047.0,,499446728.0,6633816903.0,6460486682.0,1396731076.0,1645162446.0,1645162446.0,5063755606.0,6149475117.0,252102903.0,3552565246.0,1761131360.0,7617411585.0,324791379.0,394358826.0,8900831478.0,8044499719.0,Upper Middle Income,Developing,0.8246400813877635,0.7644322620182069,1.5890723434059704,0.2045077386371651,0.173625598208564,0.6294680567941481,0.13488943811348525,0.21892366480422026,9998.54545239862,2044.7799201309524,8245.20133562525,7643.210717068932,Medium,Low,High,Very High,Medium,Very High,Very High,High,High,High,Low
584, Marshall Islands ,2021,1.0,1.0,42050.0, US Dollar ,7455.0,60476000.0,,12933000.0,103478775.0,283840775.0,122559738.0,66080219.0,66080219.0,161281037.0,196420769.0,8619000.0,15771000.0,116786000.0,260850000.0,22259000.0,32625000.0,313462675.0,256979000.0,Upper Middle Income,Developing,0.40267405118706195,0.7643456041155113,1.1670196553025733,0.25714248635102477,0.4769251106121512,0.6276039559652734,0.23533440475680892,0.4544573681117912,6111.27229488704,1571.4677526753865,2460.8507728894174,4671.124114149821,Low,Low,High,Very High,High,High,Very High,Very High,High,Very High,Very High
690, Seychelles ,2021,16.92052257,16.92052257,106471.0, Seychelles Rupee ,11500.0,37114693.0,,35814497.0,1434884762.0,1219938682.0,379716405.0,231198533.0,231198533.0,840222277.0,1599359588.0,90718238.0,139180099.0,575336841.0,1078394590.0,94382428.0,196566033.0,1224371169.0,1286662389.0,Upper Middle Income,Developing,1.1151991184845305,1.2430297191192707,2.3582288376038014,0.17968857641023345,0.29511735809353795,0.653024666130969,0.028845712222027187,0.4471544718480148,12084.627635694227,2171.4695363056608,13476.766086539998,15021.551295657973,Low,Low,High,Very High,Low,Very High,Very High,Very High,High,Medium,Very High
192, Cuba ,2021,1.0,1.0,11256372.0, Cuban Peso ,11086.0,2683671309.0,,11654016821.0,6962835496.0,122000000000.0,66699649979.0,10004554343.0,10004554343.0,55681817588.0,6121201517.0,10982503612.0,12675240241.0,81152922454.0,137000000000.0,6801997550.0,21631933202.0,125000000000.0,127000000000.0,Upper Middle Income,Developing,0.054825476346456695,0.04819843714173228,0.10302391348818897,0.0787760184488189,0.5251940943228346,0.43843950856692915,0.0211312701496063,0.6389993894015749,11282.498481748826,888.7903085470167,618.5683536400538,543.7987938742607,High,High,High,Low,Low,Low,Low,Very High,Low,Low,Very High
196, Cyprus ,2021,0.845494139,0.845494139,880028.0, Euro ,29554.0,483031143.0,-392433235.0,1548443614.0,24606202507.0,22411509588.0,5566094173.0,5166564497.0,5558997731.0,16845415414.0,23776273631.0,1618698388.0,2178134555.0,13699207916.0,25011291063.0,3596595009.0,3505878827.0,26008033632.0,28408121234.0,High Income,Developed,0.866167892776742,0.8369533991759929,1.7031212919527348,0.18186927795902408,0.19593320259202046,0.5929788624612993,0.01700327659901312,0.48222857834062705,32280.928827264586,5870.909217661257,27960.704099187755,27017.633110537394,High,Low,Very High,Very High,Low,Very High,Very High,High,Medium,Low,Very High
174, Comoros ,2021,415.9558491,415.9558491,821625.0, Comoro Franc ,1620.0,500474447.0,-11839363.0,11299215.0,87767470.0,1462419338.0,129347956.0,154028569.0,165867932.0,1333071382.0,364547252.0,86292280.0,101570186.0,338055842.0,1292175522.0,83759102.0,257016730.0,1331432199.0,1340468496.0,Lower Middle Income,Developing,0.06547522023971536,0.27195510606017254,0.3374303262998879,0.11490651922042634,0.09649458856062515,0.9944816950028492,0.3733578584602558,0.2521923066515694,1631.4845531720675,187.46821116689486,106.82181043663472,443.6905546934429,Low,Low,Low,Low,Low,Low,Low,Low,Very High,Very High,Low
32, Argentina ,2021,94.99074167,94.99074167,45276780.0, Argentine Peso ,10590.0,29352350216.0,1671019110.0,17865319704.0,87867655491.0,374000000000.0,77193279269.0,85139176401.0,83468157290.0,297000000000.0,72817326087.0,63840564161.0,93153173390.0,162000000000.0,405000000000.0,27389573485.0,75740905225.0,479000000000.0,487000000000.0,Upper Middle Income,Developing,0.180426397312115,0.1495222301581109,0.32994862747022585,0.17482377084394252,0.15850776030595481,0.6098562628336756,0.06027176635728953,0.3326488706365503,10756.065250223182,1880.4158864875108,1940.6781023518015,1608.2708639395294,Very High,Very High,High,Low,Low,Low,Low,Medium,Medium,Medium,High
178, Congo ,2021,554.530675,554.530675,5835806.0, CFA Franc BEAC ,1737.0,1100211803.0,99674311.0,137802709.0,8831287135.0,7393277119.0,1453882737.0,1862411303.0,1762736992.0,5404320809.0,5173753744.0,1163850748.0,5384702891.0,3170428476.0,12607045912.0,824554590.0,1989345443.0,10133957855.0,12840627675.0,Lower Middle Income,Developing,0.6877613274461678,0.4029206262302127,1.0906819536763805,0.145040519057025,0.11322520781679779,0.4208766849865071,0.08568208897934579,0.24690603576744546,2200.3177752995903,319.13523221985105,1513.293473943445,886.5534159291793,Medium,Medium,Low,High,Low,Very High,Medium,Low,Low,High,Low
705, Slovenia ,2021,0.845494139,0.845494139,2119410.0, Euro ,28724.0,1043199426.0,954681958.0,3340389803.0,51640294109.0,44314708141.0,12747778493.0,13519252795.0,12564570837.0,31566929648.0,47725668510.0,12366370764.0,14246687760.0,22441846877.0,54264151447.0,5596049437.0,7595978144.0,60877394215.0,61748586535.0,High Income,Developed,0.8362992095329911,0.7729030118438159,1.6092022213768071,0.21894027950481249,0.2064464825567201,0.5112170402492923,0.016894304542642437,0.36343903781958853,29134.800031612573,6378.781262238076,24365.410236339358,22518.37469390066,High,Medium,Very High,Very High,Medium,Very High,Very High,High,Low,Low,High
704, Viet Nam ,2021,23159.78259,23159.78259,97468029.0, Dong ,3564.0,45988233891.0,6552851457.0,21852411532.0,342000000000.0,238000000000.0,35191006386.0,123000000000.0,116000000000.0,203000000000.0,341000000000.0,90133661609.0,115000000000.0,80778812986.0,334000000000.0,29539550766.0,40559151977.0,347000000000.0,366000000000.0,Lower Middle Income,Developing,0.9344262295081968,0.9316939890710383,1.866120218579235,0.3360655737704918,0.09615029067213114,0.5546448087431693,0.1256509122704918,0.22070713930601094,3755.077472634642,1261.9522653936092,3508.8428842651574,3498.583109749762,Very High,Very High,Medium,Very High,Very High,Very High,Very High,Low,Medium,High,Low
180, D.R. of the Congo ,2021,1989.391471,1989.391471,95894118.0, Franc Congolais ,541.0,10486216666.0,199401177.0,558023404.0,21651289665.0,40844546775.0,4303314920.0,11538554544.0,11339153367.0,36541231855.0,21234910077.0,9406859470.0,22662299327.0,6796424533.0,51482456058.0,4661105234.0,6318386895.0,51897907755.0,52849911906.0,Low Income,Under-developed,0.40967503793590904,0.4017965084742028,0.8114715464101118,0.21832684536017247,0.08142520516692571,0.6914151894896822,0.19841502639873862,0.12859859719517164,551.1277751780354,120.32598854499084,225.7832922035948,221.44121578969003,High,Very High,Low,High,Medium,High,Medium,Low,High,Very High,Low
703, Slovakia ,2021,0.845494139,0.845494139,5447622.0, Euro ,21124.0,2031898178.0,2933586273.0,6256266906.0,109000000000.0,91728310621.0,25047125729.0,25060740253.0,22127153980.0,66681184891.0,110000000000.0,22999378831.0,26592139396.0,43259800769.0,104000000000.0,11939867511.0,13710759740.0,115000000000.0,117000000000.0,High Income,Developed,0.9316239316239316,0.9401709401709402,1.8717948717948718,0.21419436113675214,0.21407799768376068,0.5699246571880342,0.017366651094017093,0.3697418869145299,21477.261087498362,4600.308217603938,20008.730414848902,20192.296748930083,High,Medium,High,Very High,Medium,Very High,Very High,High,Medium,Low,High
702, Singapore ,2021,1.343483333,1.343483333,5941060.0, Singapore Dollar ,58770.0,133310176.0,4661985634.0,10845017306.0,734000000000.0,169000000000.0,45851034004.0,96672579985.0,92010594351.0,123000000000.0,609000000000.0,83662667940.0,88017764766.0,154000000000.0,375000000000.0,43963924624.0,77260355543.0,349000000000.0,397000000000.0,High Income,Developed,1.848866498740554,1.5340050377833754,3.3828715365239295,0.2435077581486146,0.1154937884231738,0.30982367758186397,0.0003357938942065491,0.3879093198992443,66823.09217547037,16271.94136820702,123546.97646547922,102506.9600374344,Very High,Medium,Very High,Very High,High,Very High,Very High,Low,Low,Low,High
724, Spain ,2021,0.845494139,0.845494139,47486935.0, Euro ,30216.0,37275243612.0,12098250632.0,71987488973.0,499000000000.0,1110000000000.0,306000000000.0,297000000000.0,285000000000.0,803000000000.0,477000000000.0,165000000000.0,219000000000.0,627000000000.0,1290000000000.0,102000000000.0,233000000000.0,1430000000000.0,1430000000000.0,High Income,Developed,0.34895104895104895,0.33356643356643356,0.6825174825174826,0.2076923076923077,0.213986013986014,0.5615384615384615,0.026066603924475525,0.43846153846153846,30113.5459679594,6254.351854883875,10508.153453155062,10044.868130571072,Very High,Very High,Very High,Medium,Medium,High,Medium,High,Medium,Medium,Very High
148, Chad ,2021,554.530675,554.530675,17179740.0, CFA Franc BEAC ,923.0,7204199015.0,883566821.0,295114694.0,4350335552.0,11611763089.0,1348351332.0,4123597001.0,3240030181.0,10263411758.0,3401746610.0,1086370522.0,3251670217.0,2469111070.0,15496024456.0,598026539.0,1677902921.0,15853971449.0,16409566631.0,Low Income,Under-developed,0.2651097161689571,0.20730264768684495,0.47241236385580204,0.2512922549221952,0.08216861312185862,0.6254529439315575,0.43902433117217404,0.15046778050405663,955.169672591087,240.02674085870916,253.22476079381877,198.00920211830913,Medium,High,Low,Low,High,Medium,Low,Low,High,Very High,Low
152, Chile ,2021,758.9553787,758.9553787,19493184.0, Chilean Peso ,15320.0,10414961431.0,4305865266.0,19382562280.0,101000000000.0,239000000000.0,45536032753.0,80290509186.0,75984643920.0,193000000000.0,103000000000.0,27446581318.0,81279018075.0,114000000000.0,284000000000.0,24881275196.0,34088596088.0,299000000000.0,317000000000.0,High Income,Developed,0.3186119873817035,0.3249211356466877,0.6435331230283912,0.25328236336277604,0.14364679101892744,0.6088328075709779,0.03285476792113565,0.35962145110410093,16262.09448389755,4118.901724110336,5181.298242503636,5283.898207701728,Very High,High,High,Medium,High,Medium,Medium,Medium,Medium,Medium,High
716, Zimbabwe ,2021,1.0,1.0,15993524.0, US Dollar ,1471.0,2134432052.0,747662677.0,774679206.0,6128770937.0,21703996726.0,3597440173.0,3738189396.0,2990526720.0,18106556554.0,7452806195.0,3001005561.0,6172695556.0,5789216504.0,22742296121.0,1500260268.0,6371012537.0,23523946980.0,24118150864.0,Lower Middle Income,Developing,0.2541144622388162,0.30901233834325353,0.5631268005820697,0.15499485914485323,0.1491590376594636,0.7507439793415831,0.0884989924822953,0.24003567009116292,1507.9947898912085,233.7314400503604,383.203285092141,465.9889962337256,Medium,High,Low,Low,Low,Medium,Medium,Medium,Very High,High,Low
156, China ,2021,6.44897518,6.44897518,1425893465.0, Yuan Renminbi ,12324.0,1350000000000.0,171000000000.0,1240000000000.0,3530000000000.0,9630000000000.0,2820000000000.0,7600000000000.0,7430000000000.0,6800000000000.0,3060000000000.0,4870000000000.0,5780000000000.0,5970000000000.0,17700000000000.0,1410000000000.0,1990000000000.0,17600000000000.0,17700000000000.0,Upper Middle Income,Developing,0.19943502824858758,0.17288135593220338,0.37231638418079094,0.4293785310734463,0.15932203389830507,0.384180790960452,0.07627118644067797,0.33728813559322035,12413.269598651257,5329.991466087546,2475.640773064347,2146.0228797668274,Very High,Very High,High,Low,Very High,Low,Low,Medium,Low,High,High
540, New Caledonia ,2021,100.8802226,100.8802226,287800.0, CFP Franc ,34994.0,197698925.0,,978283888.0,1996649815.0,9016758320.0,2456263835.0,2987160393.0,2987160393.0,6560494485.0,3929184076.0,948834877.0,1140722230.0,5147597511.0,9241667547.0,722743847.0,1054621146.0,10071349707.0,10071349707.0,High Income,Developed,0.1982504702038344,0.39013480718170834,0.5883852773855428,0.2965998083577419,0.24388626216531795,0.6514017163399844,0.019629834208079493,0.5111129749989923,34994.26583391244,10379.292539958304,6937.629656011119,13652.481153578874,Medium,Low,Very High,Medium,Very High,Low,Medium,Very High,High,Low,Very High
372, Ireland ,2021,0.845494139,0.845494139,4986526.0, Euro ,76726.0,5131383886.0,7222585845.0,10310898206.0,678000000000.0,181000000000.0,61789810948.0,125000000000.0,117000000000.0,119000000000.0,479000000000.0,175000000000.0,180000000000.0,152000000000.0,475000000000.0,92450618407.0,34361889295.0,383000000000.0,504000000000.0,High Income,Developed,1.3452380952380953,0.9503968253968254,2.2956349206349205,0.24801587301587302,0.12259883124603174,0.2361111111111111,0.010181317234126984,0.30158730158730157,101072.36982219685,25067.552039235332,135966.40226081244,96058.85941434979,Very High,Medium,Very High,Very High,High,Very High,Very High,Low,Low,Low,Medium
578, Norway ,2021,8.59,8.59,5403021.0, Norwegian Krone ,93149.0,7780093132.0,10372060536.0,26158556461.0,200000000000.0,301000000000.0,113000000000.0,122000000000.0,112000000000.0,188000000000.0,141000000000.0,26493247963.0,145000000000.0,182000000000.0,432000000000.0,32996507567.0,37981140861.0,503000000000.0,482000000000.0,High Income,Developed,0.4149377593360996,0.2925311203319502,0.7074688796680498,0.25311203319502074,0.23443983402489627,0.3900414937759336,0.016141272058091287,0.3775933609958506,89209.35158312359,22579.960359213856,37016.32845772763,26096.51156269798,Very High,Medium,Very High,Medium,High,High,Low,Very High,Low,Low,High
344," China, Hong Kong SAR ",2021,7.77325,7.77325,7494578.0, Hong Kong Dollar ,52777.0,333828081.0,675650468.0,13616501001.0,751000000000.0,286000000000.0,46264432509.0,65018106969.0,64342456501.0,240000000000.0,734000000000.0,3492804416.0,8246838048.0,225000000000.0,350000000000.0,28539900665.0,74884138628.0,396000000000.0,369000000000.0,High Income,Developed,2.035230352303523,1.989159891598916,4.024390243902439,0.17620083189430893,0.12537786587804878,0.6504065040650406,0.0009046831463414635,0.6097560975609756,49235.59405212675,8675.352630795223,100205.77542858318,97937.46892753668,Very High,High,Very High,Very High,Low,Very High,Very High,Medium,High,Low,Very High
566, Nigeria ,2021,408.6008333,408.6008333,213401323.0, Naira ,1868.0,101000000000.0,3134255752.0,40594204014.0,46274474184.0,290000000000.0,22036104188.0,146000000000.0,143000000000.0,268000000000.0,51013026044.0,62960881344.0,94748087714.0,76283547412.0,425000000000.0,51768213546.0,60642496205.0,399000000000.0,431000000000.0,Lower Middle Income,Developing,0.10736536933642692,0.11835968919721578,0.2257250585336427,0.33874709976798145,0.051127851944315544,0.6218097447795824,0.23433874709976799,0.1769919893549884,2019.66882838866,684.1569581084556,216.8424896972171,239.04737480938672,Very High,Very High,Low,Low,Very High,Low,Low,Low,High,Very High,Low
348, Hungary ,2021,303.1408333,303.1408333,9709786.0, Forint ,18139.0,6100253732.0,5774553632.0,9415333357.0,148000000000.0,126000000000.0,37981128683.0,55456580412.0,49682026781.0,87860430108.0,148000000000.0,30826859903.0,34686402635.0,68164277880.0,154000000000.0,16440055090.0,19070782832.0,176000000000.0,182000000000.0,High Income,Developed,0.8131868131868132,0.8131868131868132,1.6263736263736264,0.3047064857802198,0.20868752023626375,0.48274961597802196,0.03351787764835165,0.37452899934065936,18743.976437791727,5711.41118990676,15242.354465896571,15242.354465896571,High,High,High,Very High,Very High,Very High,Very High,High,Low,Medium,High
562, Niger ,2021,554.530675,554.530675,25252722.0, CFA Franc BCEAO ,585.0,5441145887.0,-145890937.0,687567048.0,1533845410.0,13331456473.0,2586042481.0,4110636736.0,4256527674.0,10745413992.0,4060936624.0,1139424647.0,2419866552.0,2757565553.0,14075142503.0,719811797.0,2049185666.0,14777138298.0,14915001994.0,Low Income,Under-developed,0.10283910190672683,0.2722719464357854,0.3751110483425122,0.2756041693895599,0.17338532586454308,0.7204433493420022,0.3648102688279131,0.18488536267774636,590.6294772500169,162.77994649448087,60.73980500003128,160.8118373932125,Medium,High,Low,Low,High,Low,Low,High,High,Very High,Low
710, South Africa ,2021,14.77867821,14.77867821,59392255.0, Rand ,6920.0,10339669907.0,-1233351903.0,9540895284.0,131000000000.0,341000000000.0,82324695220.0,53623651207.0,54857003110.0,258000000000.0,105000000000.0,49382202482.0,93134229210.0,186000000000.0,377000000000.0,26913986289.0,50836957168.0,411000000000.0,419000000000.0,Upper Middle Income,Developing,0.3126491646778043,0.25059665871121717,0.5632458233890215,0.1279800744797136,0.1964789862052506,0.6157517899761337,0.024677016484486874,0.4439140811455847,7054.791908473588,902.8727938853307,2205.6747971600003,1767.9072801664122,Very High,Very High,High,Medium,Low,Medium,Low,High,Medium,Medium,Very High
170, Colombia ,2021,3743.589819,3743.589819,51516562.0, Colombian Peso ,6003.0,23361443597.0,4181332683.0,14850023447.0,51599165400.0,277000000000.0,51326280507.0,62289659149.0,58108326467.0,226000000000.0,76863163971.0,36211359216.0,63788847763.0,118000000000.0,284000000000.0,21597154525.0,42756222380.0,309000000000.0,314000000000.0,Upper Middle Income,Developing,0.16432855222929937,0.2447871464044586,0.40911569863375796,0.1983747106656051,0.16345949206050955,0.7197452229299363,0.07439950190127388,0.37579617834394907,6095.127233063417,1209.1191013290056,1001.6034338626868,1492.0088023536975,Very High,Very High,Medium,Low,Medium,Low,Low,Medium,High,High,High
706, Somalia ,2021,24300.0,24300.0,17065581.0, Somali Shilling ,444.0,4033256247.0,,281144862.0,1532000000.0,11396682914.0,676866260.0,1243593520.0,1243593520.0,10719816654.0,6544000000.0,166375404.0,211758616.0,834838698.0,6702232702.0,628783908.0,712450371.0,7585376432.0,7628276434.0,Low Income,Under-developed,0.20083173614051544,0.8578608885793296,1.0586926247198452,0.16302418124980078,0.0887312181010036,1.4052737530880097,0.5287244480317164,0.10944001639466544,446.9977572987407,72.87144340412436,89.77133564922285,383.4618932692652,Medium,High,Low,High,Low,Low,Very High,Low,Very High,Very High,Low
132, Cabo Verde ,2021,93.21809241,93.21809241,587925.0, Cabo Verde Escudo ,3229.0,85380804.0,,255776838.0,476614943.0,1699922155.0,473778479.0,882809472.0,882809472.0,1226143675.0,1123172369.0,166659086.0,230889310.0,683874716.0,1681848855.0,213850861.0,212076326.0,1898443771.0,1936174201.0,Lower Middle Income,Developing,0.24616325470809225,0.5800988198375442,0.8262620745456364,0.45595560128011436,0.24469827082465087,0.6332816925082042,0.04409768705517422,0.353209290593166,3293.2333222775014,1501.5681796147467,810.6730331249735,1910.4007637028533,Low,Low,Medium,High,Very High,Medium,High,Very High,High,Medium,High
36, Australia ,2021,1.33122426,1.33122426,25921089.0, Australian Dollar ,64490.0,55031298801.0,5494190740.0,119000000000.0,448000000000.0,1230000000000.0,382000000000.0,403000000000.0,398000000000.0,846000000000.0,346000000000.0,94035996640.0,365000000000.0,820000000000.0,1620000000000.0,104000000000.0,159000000000.0,1670000000000.0,1730000000000.0,High Income,Developed,0.2589595375722543,0.2,0.45895953757225433,0.2329479768786127,0.2208092485549133,0.4890173410404624,0.03180999930693642,0.47398843930635837,66741.02311056454,15547.186308414743,17283.22448181093,13348.204622112906,Very High,High,Very High,Low,Medium,Medium,Low,Very High,Low,Medium,Very High
840, United States ,2021,1.0,1.0,336997624.0, US Dollar ,70081.0,207000000000.0,-19091000000.0,945000000000.0,2540000000000.0,19300000000000.0,3350000000000.0,4920000000000.0,4940000000000.0,15900000000000.0,3400000000000.0,2500000000000.0,3270000000000.0,12900000000000.0,23300000000000.0,2490000000000.0,3520000000000.0,23600000000000.0,23300000000000.0,High Income,Developed,0.10901287553648069,0.1459227467811159,0.2549356223175966,0.2111587982832618,0.14377682403433475,0.6824034334763949,0.00888412017167382,0.5536480686695279,69139.95334281644,14599.50946122991,7537.145128358531,10089.091904101972,Very High,Very High,Very High,Low,Medium,Low,Low,Medium,High,Low,Very High
740, Suriname ,2021,18.23866667,18.23866667,612985.0, Surinam Dollar ,4588.0,296223189.0,,229747222.0,1766134663.0,1967387082.0,361228491.0,1196703899.0,1196703899.0,1606158590.0,1706376363.0,728948406.0,954778127.0,706044046.0,3148882210.0,198866785.0,763222842.0,2812394345.0,3223849313.0,Upper Middle Income,Developing,0.5478341235981956,0.5292978043729055,1.0771319279711011,0.3712034226210126,0.11204881367853188,0.4982114342389551,0.09188493637264492,0.21900652836127146,5259.262972177134,1952.256415736111,2881.203721135101,2783.716343793078,Low,Low,Medium,High,Very High,Very High,High,Low,Low,High,Low
136, Cayman Islands ,2021,0.83333,0.83333,68136.0, Cayman Islands Dollar ,61982.0,24489222.0,12184579.0,242909116.0,3595414477.0,3718843297.0,591629275.0,997460708.0,985276130.0,3127214021.0,2618830765.0,52158456.0,203792193.0,4065180256.0,5490147308.0,321826431.0,631950091.0,4223197056.0,5808612073.0,High Income,Developed,0.6189799614459466,0.45085310089359104,1.0698330623395376,0.17172100588993836,0.10185381078382784,0.5383754297409766,0.004216019539991752,0.6998539762873919,85250.26524891394,14639.261300927557,52768.20589702947,38435.34643947399,Low,Low,Very High,High,Low,Very High,High,Low,Medium,Low,Very High
140, Central African Republic ,2021,554.530675,554.530675,5457154.0, CFA Franc BEAC ,493.0,799206242.0,,40715715.0,333133756.0,2572858022.0,364402337.0,395883756.0,395883756.0,2208455685.0,784157435.0,463450847.0,482042185.0,564568981.0,2403453557.0,51877251.0,465043183.0,2689505126.0,2517718099.0,Low Income,Under-developed,0.13231574898409626,0.3114556134427661,0.4437713624268624,0.15723911114482558,0.14473516202816158,0.8771655912856827,0.3174327746690278,0.2242383614052099,461.3610132680881,72.54399564315025,61.045328022628645,143.69347740598855,Low,Medium,Low,Low,Low,Low,Medium,Medium,Very High,Very High,Low
384, Côte d'Ivoire ,2021,554.530675,554.530675,27478249.0, CFA Franc BCEAO ,2462.0,14233189607.0,-1731796901.0,2564575750.0,18145708023.0,52998373413.0,7270613711.0,16307535001.0,18039331902.0,45727759702.0,17677646635.0,8146464087.0,12108677334.0,20235459053.0,65099171516.0,6783837589.0,9173432184.0,67652582611.0,69764830609.0,Lower Middle Income,Developing,0.2600982166028382,0.25338908559923456,0.5134873022020727,0.2337500837978993,0.10421603044875817,0.6554557547524654,0.20401668695750907,0.29005243582415474,2538.9110714077888,593.4706756969849,660.3662417863671,643.3323548017925,High,Very High,Medium,Low,High,Medium,Low,Low,High,Very High,Medium
528, Netherlands ,2021,0.845494139,0.845494139,17501696.0, Euro ,56574.0,15667760888.0,-1082207384.0,47427886434.0,840000000000.0,692000000000.0,266000000000.0,217000000000.0,218000000000.0,425000000000.0,737000000000.0,110000000000.0,135000000000.0,469000000000.0,902000000000.0,89203521605.0,145000000000.0,990000000000.0,1010000000000.0,High Income,Developed,0.8316831683168316,0.7297029702970297,1.5613861386138614,0.21485148514851485,0.2633663366336634,0.4207920792079208,0.015512634542574257,0.4643564356435644,57708.692917532106,12398.798379311354,47995.34856507621,42110.20463388234,Very High,High,Very High,Very High,Medium,Very High,Very High,Very High,Low,Low,Very High
360, Indonesia ,2021,14308.1439,14308.1439,273753191.0, Rupiah ,4217.0,158000000000.0,7767811121.0,124000000000.0,256000000000.0,768000000000.0,108000000000.0,373000000000.0,365000000000.0,660000000000.0,224000000000.0,228000000000.0,349000000000.0,223000000000.0,1140000000000.0,103000000000.0,183000000000.0,1150000000000.0,1190000000000.0,Lower Middle Income,Developing,0.21512605042016808,0.18823529411764706,0.40336134453781514,0.3134453781512605,0.0907563025210084,0.5546218487394958,0.13277310924369748,0.18739495798319328,4346.981292356881,1362.5411949992576,935.1489166750937,818.255302090707,Very High,Very High,Medium,Low,Very High,Low,Low,Low,Medium,High,Low
554, New Zealand ,2021,1.4138,1.4138,5129727.0, New Zealand Dollar ,47876.0,14241488418.0,1623284764.0,16937005013.0,56314188711.0,199000000000.0,54262271891.0,61315603339.0,59692318574.0,145000000000.0,66382798133.0,24849517674.0,34079157420.0,120000000000.0,229000000000.0,16566555427.0,28028098566.0,246000000000.0,250000000000.0,High Income,Developed,0.225256754844,0.265531192532,0.490787947376,0.245262413356,0.217049087564,0.58,0.056965953672,0.48,48735.53699836268,11952.99542041906,10978.008909830874,12940.80525786265,Very High,Medium,Very High,Low,High,Medium,Low,Very High,Medium,Medium,Very High
364, Iran (Islamic Republic of) ,2021,111636.6283,42000.0,87923432.0, Iranian Rial ,6556.0,74688030049.0,82578940747.0,22205985348.0,132000000000.0,343000000000.0,84146922256.0,238000000000.0,155000000000.0,259000000000.0,131000000000.0,102000000000.0,186000000000.0,174000000000.0,574000000000.0,49061589273.0,68557284436.0,576000000000.0,595000000000.0,Upper Middle Income,Developing,0.2218487394957983,0.22016806722689075,0.44201680672268906,0.4,0.14142339874957982,0.43529411764705883,0.12552610092268907,0.292436974789916,6767.251760600064,2706.900704240026,1501.3062729398462,1489.9327405690897,Very High,Very High,Medium,Low,Very High,Medium,Low,Medium,Low,High,Medium
548, Vanuatu ,2021,109.4525,109.4525,319137.0, Vatu ,3183.0,213139939.0,6116906.0,51999944.0,94288796.0,857878678.0,211386189.0,418627210.0,412510304.0,646492490.0,414459836.0,27095449.0,45652757.0,307846800.0,907176338.0,81862755.0,206674143.0,1015810511.0,980571481.0,Lower Middle Income,Developing,0.09615698378647829,0.42267172157335053,0.5188287053598288,0.4269216656934366,0.21557448191785622,0.659301746508779,0.2173629797826029,0.3139463118854463,3072.572221334411,1311.7476506954692,295.4492772696365,1298.6893904498695,Low,Low,Medium,Low,Very High,Low,Medium,High,High,Very High,Medium
368, Iraq ,2021,1450.0,1450.0,43533592.0, Iraqi Dinar ,4645.0,8215737103.0,,12281813308.0,90356082180.0,149000000000.0,42701335208.0,14405431352.0,14405431352.0,106000000000.0,59120321679.0,4006564910.0,93601411259.0,54869129789.0,204000000000.0,17946708492.0,16712951302.0,202000000000.0,204000000000.0,Upper Middle Income,Developing,0.44292197147058826,0.2898054984264706,0.7327274698970588,0.07061485956862745,0.20932027062745098,0.5196078431372549,0.04027322109313725,0.26896632249509805,4686.036475005325,330.903807615967,2075.548513892444,1358.0391362835394,Very High,Very High,Medium,Medium,Low,High,Low,High,Medium,Medium,Medium
729, Sudan ,2021,208.6986672,361.875,45657202.0, Sudanese Pound ,745.0,7074807530.0,35765693.0,1219462716.0,2573536170.0,34150188158.0,2773094077.0,4928295726.0,4892530033.0,31377094081.0,5784766937.0,3351615732.0,6766892743.0,11575522580.0,35850670576.0,3170408748.0,6043576260.0,34023148464.0,35867261255.0,Low Income,Under-developed,0.0717516777125335,0.1612826498202058,0.2330343275327393,0.1374037368217787,0.07731546764288903,0.8748115407508551,0.1972497280932971,0.32273226822932677,785.5772952315388,107.94125592715909,56.36648890573715,126.69998781353269,High,Very High,Low,Low,Low,Low,Low,Low,Very High,Very High,Medium
144, Sri Lanka ,2021,197.0408333,197.0408333,21773441.0, Sri Lanka Rupee ,3823.0,7686523521.0,1164834700.0,5823600015.0,15131954882.0,68133857195.0,8172351755.0,23628752078.0,22463917378.0,59961505441.0,21585804973.0,15343002508.0,17928111347.0,29360989297.0,80477307827.0,9307964085.0,10370119561.0,83245207212.0,85308759183.0,Lower Middle Income,Developing,0.17737867748773256,0.25303151962033854,0.4304101971080711,0.276979202420619,0.09579733468481341,0.7028763050271736,0.0901023950484529,0.34417320774782695,3918.019167618017,1085.209824115536,694.9730583236706,991.3823438840006,High,High,Medium,Low,High,Low,Low,Low,High,High,High
728, South Sudan ,2021,1003.462331,306.3546199,10748272.0, South Sudanese Pound ,386.0,171289883.0,,256063497.0,1490507224.0,3128247220.0,293770882.0,701875583.0,701875583.0,2834476338.0,2017971729.0,83532862.0,1951495603.0,1143966358.0,4245434505.0,374170883.0,348448282.0,4144495715.0,4304069241.0,Low Income,Under-developed,0.34630186935693863,0.46885205976174027,0.8151539291186789,0.16307255847885185,0.06825421840373223,0.6585573277955544,0.03979719502844308,0.26578716418005693,400.4429029149988,65.30124870304734,138.67412585018317,187.74847984866776,Low,High,Low,High,Low,High,High,Low,High,Medium,Medium
112, Belarus ,2021,2.538675,2.538675,9578167.0, Belarussian Ruble ,6842.0,4640651127.0,1464011738.0,3480828779.0,49184016465.0,46363792530.0,11300874669.0,16881863571.0,15417851832.0,35062917861.0,45444352270.0,15592478360.0,18450004825.0,17918641417.0,59519285848.0,8547218923.0,6481940776.0,65534268073.0,68206172117.0,Upper Middle Income,Developing,0.7211080014962629,0.6662791776680465,1.3873871791643093,0.24751225654536171,0.16568697990578657,0.5140725065299592,0.06803858042406317,0.26271290208549736,7121.004688788576,1762.5359393921613,5135.013459777847,4744.5771482163545,High,High,High,Very High,High,Very High,Very High,Medium,Low,High,Medium
116, Cambodia ,2021,4098.722795,4098.722795,16589023.0, Riel ,1523.0,6058766822.0,266694909.0,4158145204.0,15687901596.0,29179862034.0,1962663605.0,6800720190.0,6534025281.0,27217198429.0,22886955112.0,4802399350.0,5585717982.0,4098187361.0,24713688223.0,1765493304.0,3047377549.0,25257053702.0,26669490942.0,Lower Middle Income,Developing,0.5882340097948465,0.858169927644058,1.4464039374389046,0.25499999999212586,0.07359209102522209,1.0205368556974386,0.2271796951496533,0.15366575124784398,1607.6589285577577,409.95302676956925,945.6796579280166,1379.6445463967348,Medium,High,Low,Very High,High,Very High,Very High,Low,Very High,Very High,Low
756, Switzerland ,2021,0.913845833,0.913845833,8691406.0, Swiss Franc ,90045.0,5069009269.0,-20823814374.0,39254346512.0,569000000000.0,501000000000.0,94712032208.0,191000000000.0,212000000000.0,407000000000.0,448000000000.0,153000000000.0,169000000000.0,381000000000.0,790000000000.0,64280177275.0,132000000000.0,783000000000.0,813000000000.0,High Income,Developed,0.6998769987699877,0.5510455104551045,1.2509225092250922,0.23493234932349324,0.11649696458548585,0.5006150061500615,0.006234943750307503,0.46863468634686345,93540.6768479116,21975.730969189564,65466.968175229646,51545.17002197343,Very High,High,Very High,Very High,High,Very High,High,Low,Low,Low,Very High
120, Cameroon ,2021,554.530675,554.530675,27198628.0, CFA Franc BEAC ,1636.0,7803535845.0,,2608851886.0,7883872847.0,38600687461.0,5530033442.0,8139975730.0,8231323680.0,33070654019.0,9256886994.0,6026341212.0,8269356068.0,10265798229.0,41887132752.0,5608048443.0,7331542280.0,44501391743.0,45367649044.0,Lower Middle Income,Developing,0.17377741657615525,0.2040415844564079,0.37781900103256316,0.1794224717729017,0.12189376259361984,0.7289479335137311,0.17200661725785502,0.22628014555137457,1668.0124101848078,299.27890958323337,289.86288745888214,340.34389506706,High,Very High,Low,Low,Low,Low,Low,Low,High,Very High,Low
752, Sweden ,2021,8.576566716,8.576566716,10467097.0, Swedish Krona ,62469.0,8200134428.0,1626758173.0,37899897565.0,289000000000.0,444000000000.0,165000000000.0,165000000000.0,163000000000.0,279000000000.0,262000000000.0,80588074795.0,106000000000.0,272000000000.0,564000000000.0,74236582199.0,65556768648.0,654000000000.0,636000000000.0,High Income,Developed,0.45440251572327045,0.4119496855345912,0.8663522012578616,0.25943396226415094,0.25943396226415094,0.4386792452830189,0.012893293125786163,0.4276729559748428,60761.83300871292,15763.68309188307,27610.329779116408,25030.818000444633,Very High,High,Very High,High,High,High,Medium,Very High,Low,Low,Very High
400, Jordan ,2021,0.71,0.71,11148278.0, Jordanian Dinar ,4038.0,2373239437.0,1512424752.0,1219718310.0,13817299977.0,43624509737.0,8392473886.0,11033963297.0,9521538545.0,35232035851.0,23183070128.0,7809859155.0,9735211268.0,19753521127.0,41030985915.0,3788732394.0,4160563380.0,45011408451.0,45243661972.0,Lower Middle Income,Developing,0.30539747170666975,0.5124048124651654,0.8178022841718352,0.2438786520823315,0.18549501786999162,0.7787175996674207,0.052454627533658295,0.43660305700331875,4058.354301175482,989.7459766432089,1239.4111428688807,2079.520274611021,High,High,Medium,High,High,Medium,High,High,Very High,Medium,Very High
516, Namibia ,2021,14.778675,14.778675,2530151.0, Namibian Dollar ,4760.0,1149835034.0,186119947.0,221860498.0,3908420106.0,12415155938.0,3177372231.0,1948248804.0,1762128857.0,9237783707.0,6035644872.0,1344644231.0,2842261513.0,5210972478.0,11387850542.0,548550575.0,1414370444.0,12044062492.0,12236251093.0,Upper Middle Income,Developing,0.3194131990504749,0.49325931824436126,0.8126725172948361,0.1592194201632995,0.25966876675305245,0.7549521202850001,0.09396955205159094,0.42586348043977656,4836.174241379269,770.0128585210922,1544.737885604456,2385.4880092136796,Medium,Medium,Medium,High,Low,Medium,High,Very High,Very High,High,High
376, Israel ,2021,3.230198323,3.230198323,8900059.0, New Israeli Sheqel ,53302.0,5137600696.0,8013534655.0,27810713649.0,143000000000.0,350000000000.0,107000000000.0,110000000000.0,102000000000.0,243000000000.0,122000000000.0,53130406415.0,60085309574.0,229000000000.0,437000000000.0,67973553853.0,47347577109.0,474000000000.0,482000000000.0,High Income,Developed,0.2966804979253112,0.25311203319502074,0.549792531120332,0.22821576763485477,0.22199170124481327,0.504149377593361,0.010658922605809128,0.475103734439834,54156.94435284081,12359.468628241679,16067.309216714182,13707.774296777134,Very High,High,Very High,Low,Medium,Medium,Low,Very High,Low,Low,Very High
534, Sint Maarten (Dutch part) ,2021,1.79,1.79,44042.0, Netherlands Antillian Guilder ,25320.0,,,28190674.0,1180649816.0,989821508.0,209703792.0,181881242.0,181881242.0,780117716.0,1198509739.0,15405434.0,45657947.0,639267526.0,1093433183.0,144820260.0,235496777.0,1115132401.0,1153842827.0,High Income,Developed,1.0232327907863312,1.0387114353487246,2.0619442261350556,0.1576308642251498,0.18174381041587045,0.676103969921373,,0.5540334532928548,26198.692770537215,4129.722582988965,26807.361518550475,27212.88177194496,Low,Low,Very High,Very High,Low,Very High,Very High,High,High,,Very High
20, Andorra ,2021,0.845494139,0.845494139,79034.0, Euro ,42066.0,17681968.0,35735687.0,258133073.0,1161415331.0,2582368940.0,712512626.0,692900972.0,657165286.0,1869856314.0,1112037714.0,135104426.0,152881012.0,1805252017.0,3067862781.0,170468361.0,663446350.0,3324647529.0,3324647529.0,High Income,Developed,0.34933487561291493,0.334482890080827,0.6838177656937419,0.20841336290719917,0.21431223002888136,0.5624224215318315,0.005318448901955766,0.5429904978657965,42066.04156439001,8767.12518662854,14695.135397423894,14070.371156717361,Low,Low,Very High,Medium,Medium,High,Medium,High,Medium,Low,Very High
533, Aruba ,2021,1.79,1.79,106537.0, Aruban Guilder ,27927.0,841446.0,,152546052.0,2154231633.0,2485214821.0,675350387.0,620125160.0,620125160.0,1809864434.0,2133552215.0,105320256.0,137847616.0,1403351489.0,2767543410.0,247731699.0,825225108.0,2975259102.0,3126019399.0,High Income,Developed,0.6891293232822321,0.6825140674694834,1.3716433907517156,0.1983753396406866,0.21604164939476755,0.5789677551517971,0.00026917491307609125,0.44892603336016595,29342.100856979265,5820.7492232745435,20220.502107249125,20026.396603996734,Low,Low,Very High,Very High,Medium,Very High,Very High,High,Medium,Low,Very High
380, Italy ,2021,0.845494139,0.845494139,59240329.0, Euro ,36216.0,40667342822.0,-374219034.0,94194975857.0,689000000000.0,1640000000000.0,417000000000.0,422000000000.0,423000000000.0,1220000000000.0,639000000000.0,314000000000.0,380000000000.0,925000000000.0,1890000000000.0,167000000000.0,283000000000.0,2150000000000.0,2110000000000.0,High Income,Developed,0.32654028436018956,0.3028436018957346,0.6293838862559241,0.2,0.1976303317535545,0.5781990521327014,0.01927362219052133,0.43838862559241704,35617.62798447659,7123.525596895318,11630.59037028643,10786.570749801203,Very High,Very High,Very High,Medium,Medium,Medium,Medium,High,Medium,Low,Very High
531, Curaçao ,2021,1.79,1.79,190338.0, Netherlands Antillian Guilder ,15409.0,5246814.0,299200138.0,110452876.0,1490339596.0,2311549767.0,442696952.0,947224151.0,648024013.0,1868852815.0,2049501071.0,105058769.0,274983838.0,1417738280.0,2393721955.0,178715013.0,406585134.0,2932918666.0,2699612444.0,High Income,Developed,0.5520568699823344,0.7591834433698439,1.3112403133521784,0.35087412384145905,0.16398537241295957,0.6922670767626673,0.0019435434192271786,0.5251636334507873,14183.255282707605,4976.537270539777,7829.963517531969,10767.692583719489,Low,Low,High,Very High,Very High,Very High,Very High,Medium,High,Low,Very High
124, Canada ,2021,1.253876902,1.253876902,38155012.0, Canadian Dollar ,51741.0,35298145664.0,-2449203741.0,141000000000.0,611000000000.0,1520000000000.0,431000000000.0,472000000000.0,474000000000.0,1080000000000.0,609000000000.0,196000000000.0,336000000000.0,963000000000.0,1850000000000.0,144000000000.0,235000000000.0,1970000000000.0,1990000000000.0,High Income,Developed,0.307035175879397,0.3060301507537688,0.6130653266331658,0.2371859296482412,0.21658291457286433,0.542713567839196,0.017737761640201005,0.48391959798994977,52155.66437248139,12370.589740608651,16013.623583711624,15961.205830573452,Very High,Very High,Very High,Medium,High,Medium,Medium,Very High,Medium,Low,Very High
748, Eswatini ,2021,14.78343514,14.78343514,1192271.0, Lilangeni ,3586.0,401475827.0,,129308540.0,2171065349.0,4038213850.0,1038266485.0,695918806.0,695918806.0,2999947365.0,2121942052.0,1343387904.0,1436448963.0,1551028032.0,4468238600.0,235885112.0,714092126.0,4275073609.0,4732011477.0,Lower Middle Income,Developing,0.45880390602442317,0.4484228456151735,0.9072267516395967,0.14706617035535985,0.21941334885735317,0.6339687423797007,0.0848425302752071,0.3277735144005442,3968.905959299522,583.6917999347464,1820.9495567702309,1779.7481042481113,Low,Medium,Medium,High,Low,High,High,Very High,High,High,High
96, Brunei Darussalam ,2021,1.343806963,1.343806963,445373.0, Brunei Dollar ,31650.0,175962217.0,26356911.0,342150645.0,11228856094.0,6577102180.0,3144173562.0,4380191225.0,4353834313.0,3432928618.0,9377938267.0,2593216844.0,8440142048.0,3790512870.0,14228723346.0,534093395.0,945862170.0,14096162741.0,14006497000.0,High Income,Developed,0.8016891085615483,0.6695420180363442,1.4712311265978923,0.312725674735089,0.22447965126469524,0.24509544520660662,0.01256289970290216,0.2706253298023053,31448.91360724606,9834.882727511547,25212.25151502224,21056.36908164617,Medium,Low,Very High,Very High,Very High,Very High,Very High,Very High,Low,Low,Medium
100, Bulgaria ,2021,1.653775,1.653775,6885868.0, Bulgarian Lev ,11889.0,3670813744.0,3972849995.0,2765491073.0,51549334099.0,64932351741.0,15924294417.0,17714501670.0,13741651676.0,49008057323.0,50138561775.0,9644540521.0,14757388399.0,29630270140.0,73533158985.0,9131230065.0,13577965564.0,81866102100.0,84057565267.0,Upper Middle Income,Developing,0.6132622796682128,0.5964788727313257,1.2097411523995385,0.21074250263770727,0.18944510665301995,0.5830297031246512,0.0436702363712302,0.35249974283555047,12207.25771493151,2572.588041188126,7486.250694756275,7281.371320943126,High,High,High,Very High,Medium,Very High,High,High,Medium,Medium,High
768, Togo ,2021,554.530675,554.530675,8644829.0, CFA Franc BCEAO ,946.0,1551643814.0,146766815.0,221505564.0,2356278736.0,6957830808.0,1029319938.0,1935956303.0,1789189489.0,5928510871.0,3131487428.0,1022864633.0,1428089154.0,2439966491.0,7346452404.0,1026978396.0,678268985.0,8181907157.0,8160194303.0,Low Income,Under-developed,0.28875277334189725,0.3837515764604705,0.6725043498023677,0.23724389776947694,0.12613914568450688,0.7265158954389668,0.19014790045251206,0.2990083814674578,943.939354150325,223.94385163662577,272.56510637746567,362.2382152382656,Medium,High,Low,Medium,High,Medium,Medium,Medium,High,Very High,Medium
764, Thailand ,2021,31.97709344,31.97709344,71601103.0, Baht ,6818.0,43250334885.0,27969771600.0,13732548920.0,295000000000.0,355000000000.0,91957575987.0,147000000000.0,119000000000.0,263000000000.0,296000000000.0,137000000000.0,162000000000.0,149000000000.0,506000000000.0,37323185804.0,101000000000.0,488000000000.0,506000000000.0,Upper Middle Income,Developing,0.5830039525691699,0.5849802371541502,1.16798418972332,0.29051383399209485,0.18173433989525692,0.5197628458498024,0.08547497012845849,0.29446640316205536,7066.930239887505,2053.040998544394,4120.0482623850085,4134.014527681228,Very High,Very High,High,Very High,Very High,Very High,High,High,Medium,High,Medium
104, Myanmar ,2021,1583.083333,1583.083333,53798084.0, Kyat ,1095.0,14925509689.0,435987944.0,3339202231.0,15381631367.0,40459842116.0,9458207735.0,16018823818.0,15582835874.0,31001634382.0,12710921584.0,13302942603.0,16574622626.0,4074947999.0,58944271231.0,7544585620.0,12485403064.0,58926127842.0,58582089718.0,Low Income,Under-developed,0.26256542641349,0.21697624043777372,0.47954166685126376,0.27344234210678964,0.16145220801322593,0.5291998720297341,0.25477940033972485,0.06955962169693525,1088.925206295451,297.7582587885472,285.91411112336266,236.27089737991412,High,Very High,Low,Low,High,Medium,Low,Medium,Medium,Very High,Low
412, Kosovo ,2021,0.845494139,0.845494139,1662009.0, Euro ,5792.0,651628408.0,288994316.0,799389338.0,3144505536.0,9023274851.0,1211556595.0,3383760890.0,3094766575.0,7811718256.0,6139441731.0,1213363822.0,1784153113.0,2259443220.0,7552701676.0,581956725.0,1476130871.0,9625975090.0,9412100728.0,Upper Middle Income,Developing,0.3340917853381477,0.6522923955473419,0.9863841808854895,0.3595117591478458,0.1287232924947082,0.8299654329836237,0.06923304656753988,0.2400572715162723,5663.086498328228,2035.9461892203954,1891.990678750837,3693.9882581863276,Medium,Medium,Medium,High,Very High,Medium,Very High,Medium,Very High,High,Low
414, Kuwait ,2021,0.301643111,0.301643111,4250114.0, Kuwaiti Dinar ,36453.0,587282629.0,,3496643117.0,71862575332.0,84305018302.0,31324032858.0,31683549794.0,31683549794.0,52980985444.0,51209218303.0,9670439734.0,71258800110.0,63075107790.0,155000000000.0,9844694498.0,7106357710.0,155000000000.0,137000000000.0,High Income,Developed,0.524544345489051,0.373789914620438,0.898334260109489,0.23126678681751825,0.22864257560583942,0.3867225214890511,0.004286734518248175,0.46040224664233576,32234.429476479923,7454.752929921409,16908.38771195314,12048.90464185196,High,Medium,Very High,High,Medium,High,Medium,Very High,Low,Low,Very High
388, Jamaica ,2021,150.7901059,150.7901059,2827695.0, Jamaican Dollar ,5023.0,1222560147.0,44354634.0,1198152311.0,4410860416.0,14839899394.0,2228457833.0,3295863515.0,3251508881.0,12611441561.0,7272035896.0,1201536599.0,1870383509.0,4813050428.0,12825255016.0,866934664.0,2854173958.0,14203940166.0,14657583648.0,Upper Middle Income,Developing,0.30092684591991764,0.4961278796449001,0.7970547255648177,0.22485722027243654,0.152034461239733,0.8604038608178646,0.08340802797784586,0.3283658850998085,5183.580141422607,1165.565421659691,1559.8784225314257,2571.7186245334096,Medium,Medium,Medium,Medium,Medium,Medium,High,Medium,Very High,High,High
12, Algeria ,2021,135.0640583,135.0640583,44177969.0, Algerian Dinar ,3618.0,19903888815.0,5017619109.0,18179521853.0,43703706766.0,101000000000.0,28479079094.0,62001690926.0,56984071817.0,72544836287.0,43256511555.0,7028516777.0,46390579976.0,35862982793.0,157000000000.0,15738457930.0,21304705600.0,160000000000.0,163000000000.0,Lower Middle Income,Developing,0.268120900404908,0.2653773715030675,0.5334982719079755,0.3803784719386503,0.17471827665030676,0.4450603453190184,0.12210974733128835,0.2200182993435583,3689.6218565412096,1403.4527238225912,989.2647343294573,979.1421501291741,High,Very High,Medium,Low,Very High,Medium,Low,High,Low,High,Low
882, Samoa ,2021,2.556092342,2.556092342,218764.0, Tala ,3825.0,79620468.0,12552032.0,37057344.0,97807382.0,876331705.0,160831519.0,285019838.0,272467806.0,715500186.0,430195258.0,42131172.0,62660559.0,320009715.0,777981397.0,62978113.0,215655199.0,836816618.0,857261321.0,Lower Middle Income,Developing,0.1140928438085917,0.5018251115052933,0.6159179553138849,0.33247719338080345,0.18761084287856258,0.8346348639238326,0.09287770957299496,0.3732930754728406,3918.6581018814795,1302.864447532501,447.09084675723614,1966.4810389277943,Low,Low,Medium,Medium,Very High,Low,High,High,Very High,High,High
524, Nepal ,2021,118.1340816,118.1340816,30034989.0, Nepalese Rupee ,1212.0,7719330708.0,2147188107.0,1844562571.0,1886115402.0,33416307352.0,3041120438.0,12955729840.0,10808541733.0,30375186914.0,13976694541.0,1689281561.0,2399829675.0,11245403031.0,31002888710.0,2349367580.0,5444395145.0,36404290306.0,36207179306.0,Lower Middle Income,Developing,0.05209230429301755,0.38601997749887906,0.4381122817918966,0.35782212501301,0.0839921942634191,0.8389271822941048,0.21319889745514659,0.31058489632569886,1205.5000022140844,431.3545724954319,62.797272940569414,465.34708372957954,High,Very High,Low,Low,Very High,Low,Medium,Low,Very High,Very High,Medium
392, Japan ,2021,109.7543238,109.7543238,124612530.0, Yen ,41162.0,51411331187.0,-4100977385.0,276000000000.0,910000000000.0,3720000000000.0,1060000000000.0,1250000000000.0,1250000000000.0,2660000000000.0,936000000000.0,995000000000.0,1150000000000.0,2210000000000.0,4910000000000.0,491000000000.0,733000000000.0,5130000000000.0,4940000000000.0,High Income,Developed,0.18421052631578946,0.18947368421052632,0.3736842105263158,0.25303643724696356,0.2145748987854251,0.5384615384615384,0.01040715206214575,0.4473684210526316,39642.88342432338,10031.093983887495,7302.636420270096,7511.283175134957,Very High,Very High,Very High,Low,High,Low,Low,High,Medium,Low,Very High
520, Nauru ,2021,1.33122426,1.33122426,12511.0, Australian Dollar ,17434.0,3702092.0,-83799.0,4626287.0,7329761.0,239214014.0,109260660.0,32553433.0,32637232.0,129953354.0,137508219.0,30278964.0,51661453.0,29391113.0,153159094.0,29646810.0,34131340.0,218119496.0,155015921.0,High Income,Developed,0.04728392382354068,0.8870586847656764,0.9343426085892171,0.21000057794063617,0.704835085939334,0.8383226262288246,0.023882011448359552,0.18960060883036653,12390.370154264247,2601.984893293901,585.8653185197027,10990.985452801535,Low,Low,High,High,Medium,Low,Very High,Very High,Very High,Medium,Low
398, Kazakhstan ,2021,425.9075,425.9075,19196465.0, Tenge ,9168.0,9867478032.0,6341743219.0,11236108545.0,66124956710.0,122000000000.0,22523101847.0,51600077482.0,45258334263.0,99444287785.0,47301125244.0,26808522273.0,57124996625.0,50546691476.0,182000000000.0,17270276997.0,35572386727.0,176000000000.0,193000000000.0,Upper Middle Income,Developing,0.3426163560103627,0.24508355048704664,0.5876999064974093,0.2673579144145078,0.1167000095699482,0.5152553771243523,0.05112682918134715,0.2618999558341969,10053.934409277957,2687.998935324811,3444.6423708740126,2464.05394138973,High,High,High,Medium,High,Medium,Low,Low,Medium,Medium,Low
496, Mongolia ,2021,2849.288615,2849.288615,3347782.0, Tugrik ,3889.0,1991635340.0,1449229809.0,415859697.0,9031863589.0,10094606940.0,2201253993.0,5454544267.0,4005314458.0,7893352947.0,9106679262.0,1147118015.0,5171469441.0,3624201370.0,13551593441.0,759634980.0,1588792612.0,13021197490.0,15098022752.0,Lower Middle Income,Developing,0.5982149939337964,0.6031703231334486,1.201385317067245,0.3612754038456757,0.1457975013786759,0.5228070639881892,0.13191365337796784,0.2400447680819603,4509.858393407934,1629.3009123652616,2697.864911454808,2720.2127444379594,Medium,Medium,Medium,Very High,Very High,Very High,Very High,Medium,Medium,High,Low
422, Lebanon ,2021,5863.748727,1507.5,5592631.0, Lebanese Pound ,6521.0,1543120948.0,255430757.0,377999642.0,16948666342.0,49691394336.0,1535430955.0,3339739469.0,3084308712.0,48155963381.0,35206818890.0,2253175492.0,2612229776.0,24328055726.0,37745943500.0,2133764814.0,6750772594.0,36468548455.0,37944879049.0,Upper Middle Income,Developing,0.44666544647865114,0.9278411151221694,1.3745065616008205,0.08801555184000555,0.04046477399538489,1.2691030934322902,0.040667436204165935,0.6411420021812178,6784.799327722498,597.1678569531942,3030.5354209852217,6295.215774114187,High,Medium,Medium,Very High,Low,High,Very High,Low,Very High,Medium,Very High
492, Monaco ,2021,0.845494139,0.845494139,36686.0, Euro ,234317.0,,67772583.0,784866470.0,2531460816.0,6611774524.0,2084526807.0,2151333519.0,2083560936.0,4527247716.0,2698412286.0,291190664.0,291190664.0,4868868760.0,8596156574.0,641400070.0,2009830609.0,8596156574.0,8596156574.0,High Income,Developed,0.2944875182539922,0.31390915960763655,0.6083966778616288,0.2502669071323037,0.24249521155825332,0.5266595224304252,,0.5664006603516759,234317.0848279998,58641.81210816115,69003.45679550782,73554.2791800687,Medium,Low,Very High,Medium,High,Medium,Medium,Very High,Medium,,Very High
404, Kenya ,2021,109.6377466,109.6377466,53005614.0, Kenyan Shilling ,2051.0,24748900929.0,772977112.0,7729288852.0,11662727161.0,96700904169.0,13374838234.0,22399965296.0,21626988183.0,83326065935.0,22179797338.0,7993777955.0,11024100124.0,34909311590.0,104000000000.0,15304348594.0,9829675795.0,109000000000.0,110000000000.0,Lower Middle Income,Developing,0.10602479237272727,0.20163452125454545,0.3076593136272727,0.20363604814545455,0.12158943849090909,0.7575096903181818,0.22499000844545455,0.3173573780909091,2075.2518780369187,422.59609134987096,220.02814948997667,418.4424189105705,High,Very High,Low,Low,Medium,Low,Low,Low,Very High,Very High,Medium
512, Oman ,2021,0.3845,0.3845,4520471.0, Rial Omani ,18184.0,1870357633.0,-2831383678.0,6918675147.0,46324248882.0,58607387521.0,19525971532.0,19762822536.0,22594206213.0,39081415990.0,36502257547.0,8046658127.0,37736169160.0,30892949194.0,91085445568.0,4690590479.0,8976703956.0,82199438075.0,88191977477.0,High Income,Developed,0.5252660186022149,0.41389544254770333,0.9391614611499183,0.22408866544753506,0.22140303563430438,0.44314026182474736,0.021207797880343247,0.3502920569170446,19509.466486346224,4371.850308518736,10247.659786336424,8074.879265235857,High,Medium,High,High,Medium,High,Medium,Very High,Low,Low,High
408, D.P.R. of Korea ,2021,106.9775,106.9775,25606518.0, North Korean Won ,662.0,3986607750.0,,1708546179.0,983898021.0,17632967514.0,,,,,1866412805.0,3065332850.0,5544399854.0,5326643968.0,16750452731.0,150754075.0,33500905.0,16941428838.0,16750452731.0,Low Income,Under-developed,0.05873859272944328,0.11142461848483873,0.17016321121428202,,,,0.2380000000013134,0.31799999997265743,654.1480075893177,,38.42373340256571,72.88819217825711,Medium,High,Low,Low,,Low,Low,,,Very High,Medium
508, Mozambique ,2021,65.465,65.465,32077072.0, Metical ,481.0,4337879339.0,3647281945.0,204911964.0,4951390235.0,13824421805.0,3000837876.0,7860583422.0,4213301478.0,10823583928.0,10859636829.0,1231646370.0,3250859669.0,3311047331.0,14117206932.0,1357103287.0,1655405341.0,15436765197.0,15776758633.0,Low Income,Under-developed,0.3138407799839984,0.688331303128709,1.0021720831127074,0.4982381745739673,0.19020623600865605,0.6860461124987028,0.274953774720653,0.20986866871844853,491.8391127781239,245.05302173465208,154.35917078092413,338.5482574282341,Medium,Very High,Low,High,Very High,Medium,Very High,High,High,Very High,Low
410, Republic of Korea ,2021,1143.951667,1143.951667,51830139.0, Won ,35329.0,32409935734.0,9406341468.0,93300620219.0,761000000000.0,1160000000000.0,329000000000.0,581000000000.0,572000000000.0,836000000000.0,696000000000.0,461000000000.0,494000000000.0,730000000000.0,1650000000000.0,143000000000.0,158000000000.0,1830000000000.0,1810000000000.0,High Income,Developed,0.42044198895027624,0.38453038674033146,0.8049723756906078,0.32099447513812157,0.18176795580110497,0.46187845303867403,0.017906041841988952,0.40331491712707185,34921.766271936875,11209.694035356533,14682.576869029814,13428.48029020335,Very High,Very High,Very High,High,Very High,High,Medium,High,Low,Low,High
504, Morocco ,2021,8.988484024,8.988484024,37076584.0, Moroccan Dirham ,3801.0,17195224421.0,5545651510.0,8014032156.0,47048311914.0,111000000000.0,26532394045.0,44367548402.0,38821896892.0,84950921418.0,60032592654.0,21919602846.0,29246978611.0,47950466268.0,128000000000.0,7919577963.0,17784645283.0,141000000000.0,143000000000.0,Lower Middle Income,Developing,0.32900917422377624,0.41980834023776226,0.7488175144615384,0.3102625762377622,0.1855412170979021,0.5940623875384615,0.12024632462237762,0.3353179459300699,3856.881745092806,1196.6460664768902,1268.949478031741,1619.1511239007348,High,Very High,Medium,Medium,Very High,Medium,Medium,High,Medium,High,High
762, Tajikistan ,2021,11.30885,11.30885,9750064.0, Somoni ,1047.0,2111921194.0,525102107.0,708268303.0,2162310547.0,7995586536.0,1027192637.0,2978645042.0,2453542934.0,6968393899.0,4260262550.0,806120870.0,1588561171.0,1522046892.0,7890395575.0,705836579.0,1253761435.0,10213147997.0,8746309306.0,Low Income,Under-developed,0.24722548349812498,0.4870926011131855,0.7343180846113104,0.34056022235077354,0.11744298092629106,0.7967239272248989,0.2414642702552509,0.17402161743306635,897.0514763800525,305.5000502560804,221.77398497076533,436.947136962383,Medium,High,Low,Medium,Very High,Medium,High,Low,Very High,Very High,Low
108, Burundi ,2021,1975.950881,1975.950881,12551213.0, Burundi Franc ,312.0,1322658220.0,24683459.0,133840983.0,334814542.0,4191047964.0,895077681.0,497801411.0,473117951.0,3295970283.0,1174110406.0,484259285.0,526095459.0,1191547645.0,3524631734.0,148719389.0,201770037.0,3910535099.0,3899747783.0,Low Income,Under-developed,0.0858554349231359,0.3010734209833385,0.3869288559064744,0.12764964266921155,0.2295219411116465,0.8451752437344741,0.33916506748610925,0.3055447970748933,310.70684427074895,39.66161764603947,26.675871248460208,93.5455725275318,Low,High,Low,Low,Low,Low,Medium,Very High,Very High,Very High,Medium
760, Syrian Arab Republic ,2021,2187.5,2187.5,21324367.0, Syrian Pound ,997.0,4061155154.0,1848859533.0,668397571.0,6363811795.0,14153490514.0,2378306248.0,5623660445.0,3774800912.0,11775184267.0,6422069318.0,922760623.0,5273695230.0,3413868898.0,19718890828.0,1868476685.0,4433297290.0,21250485765.0,19718893437.0,Low Income,Under-developed,0.3227266182725606,0.32568101950131756,0.6484076377738782,0.28519148211673556,0.1206105330199417,0.5971523860920797,0.2059524874950517,0.1731267988696723,924.7117833321852,263.71992401931556,298.4291067115849,301.1610763405076,Medium,High,Low,Medium,Very High,Medium,Medium,Low,Medium,Very High,Low
76, Brazil ,2021,5.39440079,5.39440079,214326223.0, Brazilian Real ,7305.0,111000000000.0,-4010825455.0,55139793755.0,323000000000.0,1290000000000.0,307000000000.0,304000000000.0,308000000000.0,981000000000.0,307000000000.0,168000000000.0,248000000000.0,653000000000.0,1370000000000.0,103000000000.0,199000000000.0,1570000000000.0,1610000000000.0,Upper Middle Income,Developing,0.20062111801242236,0.1906832298136646,0.391304347826087,0.18881987577639753,0.1906832298136646,0.6093167701863355,0.06894409937888199,0.40559006211180126,7511.913276239651,1418.3985316626422,1507.0484398915573,1432.3958855935234,Very High,Very High,High,Low,Medium,Low,Low,High,Medium,High,High
40, Austria ,2021,0.845494139,0.845494139,8922082.0, Euro ,54082.0,5822973541.0,1753045860.0,31141351298.0,269000000000.0,344000000000.0,104000000000.0,133000000000.0,132000000000.0,240000000000.0,266000000000.0,79481035892.0,92956871473.0,195000000000.0,430000000000.0,37959506191.0,66613258933.0,483000000000.0,480000000000.0,High Income,Developed,0.5604166666666667,0.5541666666666667,1.1145833333333333,0.27708333333333335,0.21666666666666667,0.5,0.012131194877083333,0.40625,53799.10204815423,14906.834525842734,30149.913439486434,29813.66905168547,Very High,High,Very High,Very High,High,Very High,High,Very High,Low,Low,High
84, Belize ,2021,2.0,2.0,400031.0, Belize Dollar ,5936.0,191570272.0,40723802.0,150586514.0,1158164943.0,1989813246.0,403843791.0,526854308.0,486130507.0,1585969455.0,1248326800.0,168955049.0,267434666.0,927066592.0,2150076895.0,173963264.0,439455587.0,2374631730.0,2491673431.0,Upper Middle Income,Developing,0.46481409986989586,0.500999362303671,0.9658134621735668,0.2114459709868777,0.16207733564744184,0.6365077522873823,0.07688418137649597,0.3720658495876541,6228.700853183878,1317.0336998882588,2895.1879804315167,3120.5751554254543,Low,Low,Medium,High,Medium,High,High,Medium,High,High,High
784, United Arab Emirates ,2021,3.6725,3.6725,9365145.0, UAE Dirham ,43217.0,3556984202.0,15386506026.0,32396771083.0,425000000000.0,226000000000.0,61093759115.0,101000000000.0,86101104529.0,165000000000.0,348000000000.0,41126121092.0,157000000000.0,122000000000.0,405000000000.0,29800974251.0,60785190203.0,405000000000.0,405000000000.0,High Income,Developed,1.0493827160493827,0.8592592592592593,1.9086419753086419,0.24938271604938272,0.1508487879382716,0.4074074074074074,0.008782677041975308,0.3012345679012346,43245.45962716007,10784.670178625103,45381.037880353164,37159.061605559764,Very High,High,Very High,Very High,High,Very High,Very High,Medium,Low,Low,Medium
780, Trinidad and Tobago ,2021,6.758530049,6.758530049,1525663.0, Trinidad and Tobago Dollar ,15316.0,235644490.0,,1201245953.0,11347080413.0,19066303888.0,3736304647.0,2657711655.0,2657711655.0,15329999241.0,8610899685.0,4764964589.0,9128454262.0,6473897338.0,23779554174.0,1229057947.0,5511254184.0,23367069693.0,24460196271.0,High Income,Developed,0.46389981042192596,0.3520372277310415,0.8159370381529675,0.10865455148252355,0.15275039519735012,0.6267324706292419,0.00963379391519356,0.2646707028134296,16032.502768304665,1742.0043974324606,7437.474994805537,5644.037828144224,Medium,Medium,High,High,Low,High,Medium,Medium,High,Low,Medium
430, Liberia ,2021,1.0,1.0,5193416.0, US Dollar ,413.0,1635261976.0,,37821731.0,829969595.0,2083235962.0,674061860.0,777378689.0,777378689.0,1409174102.0,1288915510.0,97271861.0,149227867.0,161352985.0,2212581321.0,119817581.0,109099181.0,2146115577.0,2444888955.0,Low Income,Under-developed,0.33947128490340783,0.5271877511508493,0.8666590360542571,0.3179607349487985,0.2757024439173353,0.5763755033201498,0.6688491813322458,0.06599603825360649,470.7670163530131,149.6854265092571,159.81188393150097,248.18260466714008,Low,Medium,Low,High,Very High,Medium,High,Very High,Medium,Very High,Low
480, Mauritius ,2021,41.69213333,41.69213333,1298915.0, Mauritius Rupee ,9005.0,376435535.0,-7675309.0,537732639.0,5077288761.0,10337129946.0,1941805169.0,2242629305.0,2250304614.0,8395324777.0,6196756542.0,1343467965.0,1574641083.0,5158003603.0,10191081224.0,1073378980.0,1470889384.0,11696307217.0,11525219786.0,Upper Middle Income,Developing,0.44053726135162485,0.5376692728695178,0.9782065342211427,0.19458451523190762,0.1684831356846456,0.7284307746736449,0.03266189643144737,0.4475405848021717,8872.95918978532,1726.5404626168763,3908.8691415527574,4770.71751577278,Medium,Medium,High,High,Medium,High,High,High,High,Medium,Very High
434, Libya ,2021,4.514425,4.514425,6735277.0, Libyan Dinar ,5839.0,1511274031.0,-560710236.0,1287724514.0,15471905680.0,29065014431.0,14776218746.0,5672936176.0,6233646412.0,14288795685.0,11204097476.0,1112362478.0,17387379966.0,17454687430.0,42075000070.0,1595504400.0,2838429730.0,39326665494.0,39005706444.0,Upper Middle Income,Developing,0.39665749169837033,0.28724252160605224,0.6839000133044225,0.14543862150387055,0.37882197486190977,0.36632577608905104,0.038744947054598716,0.44749061153550634,5791.254976447145,842.272140551903,2297.1446727432294,1663.4946826982766,High,Medium,Medium,Medium,Low,High,Low,Very High,Low,Medium,Very High
500, Montserrat ,2021,2.7,2.7,4417.0, East Caribbean Dollar ,16204.0,450794.0,,4493067.0,24617346.0,95552648.0,40894791.0,16406317.0,16406317.0,54657857.0,57521453.0,2924671.0,6464447.0,42011702.0,63812922.0,5060370.0,5332543.0,71572379.0,71552836.0,High Income,Developed,0.34404430873990793,0.8039017908388705,1.1479460995787785,0.22928954206650873,0.5715327761432125,0.7638810710451784,0.0063001555941123,0.5871423740632726,16199.419515508263,3714.3574824541543,5573.318089200815,13022.74235906724,Low,Low,High,Very High,Medium,Medium,Very High,Very High,Very High,Low,Very High
417, Kyrgyzstan ,2021,84.64082201,84.64082201,6527743.0, Som ,1294.0,1204656306.0,185195508.0,678954890.0,3300229055.0,8943695040.0,1516023793.0,2436311405.0,2251115898.0,7427671248.0,5939553611.0,1130910567.0,1567201226.0,2175937044.0,7852608047.0,585638216.0,1640220365.0,8449624676.0,8740681889.0,Lower Middle Income,Developing,0.3775711205270246,0.6795297765583744,1.057100897085399,0.2787324188134631,0.17344456785549994,0.8497816694767943,0.1378217765270739,0.24894362609608067,1339.0052103766952,373.22416109212634,505.56969767345316,909.8939114177749,Medium,Medium,Low,High,High,High,Very High,High,Very High,High,Low
499, Montenegro ,2021,0.845494139,0.845494139,627859.0, Euro ,9529.0,366767770.0,167712576.0,292018583.0,2500549564.0,5463432314.0,1171859099.0,1488123858.0,1320411282.0,4291573215.0,3642840155.0,218944756.0,576467627.0,1850160667.0,4705059228.0,481570923.0,1138073657.0,5983139051.0,5809147307.0,Upper Middle Income,Developing,0.4304503624803674,0.6270868963178798,1.0575372587982472,0.25616906911739296,0.20172652492180984,0.7387612997571383,0.06313624885326048,0.31849091944536567,9252.3119155734,2370.156130596201,3982.661017839993,5802.003562901862,Low,Low,High,High,High,High,Very High,High,Very High,Medium,Medium
498, Republic of Moldova ,2021,17.68046614,17.68046614,3061506.0, Moldovan Leu ,4592.0,1420712131.0,612011188.0,1078142124.0,4188838732.0,13503156142.0,2276329911.0,3921538447.0,3309527259.0,11226826231.0,7933434732.0,1282952984.0,1740951393.0,3879988348.0,11743998314.0,1336871617.0,2287332701.0,14056972757.0,13680098590.0,Upper Middle Income,Developing,0.3061994549558286,0.5799252600269454,0.8861247149827741,0.2866601012558931,0.1663971861039051,0.8206685176382197,0.1038524774988482,0.28362283520648224,4468.421290044834,1280.9180994582405,1368.2281635247489,2591.3503785391895,Medium,Medium,Medium,High,Very High,Medium,High,Medium,Very High,High,Medium
418, Lao People's DR ,2021,9697.915789,9697.915789,7425057.0, Kip ,2414.0,3042921865.0,,1737899190.0,6429029173.0,12463571825.0,2632939081.0,7162736138.0,7162736138.0,9830632744.0,6980929396.0,1598384677.0,4743080988.0,4376713607.0,16786905922.0,539084904.0,2347205368.0,17922236523.0,19074407740.0,Lower Middle Income,Developing,0.3370500023189711,0.3659840709685909,0.703034073287562,0.37551551983338277,0.13803516821539855,0.5153833806008385,0.15952903526429493,0.2294547577391779,2568.924082333644,964.6708621900142,865.8558679078154,940.1852936617187,Medium,High,Medium,Medium,Very High,Medium,Medium,Medium,Medium,High,Low
90, Solomon Islands ,2021,8.030102991,8.030102991,707851.0, Solomon Islands Dollar ,2323.0,548229667.0,-33081500.0,81681971.0,414071523.0,1453591830.0,442476717.0,323189428.0,356270927.0,1011115114.0,551951200.0,164345272.0,206514992.0,412189143.0,1630603314.0,101726552.0,280260990.0,1644416715.0,1632291061.0,Lower Middle Income,Developing,0.25367505397372264,0.33814508526552545,0.5918201392392481,0.1979974256564283,0.2710770937683889,0.6194453539312742,0.33586514078202134,0.2525218405273127,2305.9811471623266,456.57833075039804,584.9698919687901,779.756191627899,Low,Low,Low,Medium,Medium,Medium,Medium,Very High,Medium,Very High,Low
92, British Virgin Islands ,2021,1.0,1.0,31122.0, US Dollar ,45120.0,1983849.0,-30595341.0,53338525.0,1722196885.0,664314993.0,128860000.0,337108139.0,367703480.0,535454993.0,1185019570.0,31268266.0,55121390.0,1107524813.0,1606211098.0,116846924.0,271395598.0,1404238792.0,1538792087.0,High Income,Developed,1.1191875104826945,0.7700972600595392,1.8892847705422338,0.21907322103353136,0.08374100769599292,0.34797098160539214,0.0012892248515962118,0.7197364883512037,49443.86887089519,10831.827613906562,55336.960510249985,38076.58794421952,Low,Low,Very High,Very High,Medium,Very High,Very High,Low,Low,Low,Very High
776, Tonga ,2021,2.264959601,2.264959601,106017.0, Pa'anga ,4699.0,77031257.0,-6011733.0,35665378.0,59095773.0,659467287.0,144888923.0,103638832.0,109650565.0,514578365.0,287133932.0,24486453.0,39395712.0,164329454.0,386443461.0,21320834.0,48700827.0,498179544.0,471831997.0,Upper Middle Income,Developing,0.1252474893092085,0.608551208535355,0.7337986978445635,0.219651979219205,0.3070773578757525,1.0905965858012805,0.16325992618088594,0.34827958901651174,4450.531490232698,977.5680504070102,557.4178952432158,2708.376317005763,Low,Low,Medium,Medium,Medium,Low,Very High,Very High,Very High,High,High
64, Bhutan ,2021,73.93934825,73.93934825,777486.0, Ngultrum ,2809.0,404894756.0,835722.0,279075114.0,686022222.0,1714278968.0,460391050.0,781035044.0,780199322.0,1253887918.0,1162281406.0,162594494.0,583577781.0,497061876.0,2276220990.0,233450026.0,278161438.0,2183728787.0,2381373513.0,Lower Middle Income,Developing,0.28807837924415514,0.48807186258479224,0.7761502418289474,0.32797670744900065,0.1933300456592422,0.5265397935918001,0.1700257241418306,0.20872906886992826,3062.914975960982,1004.5647690119179,882.3595820374901,1494.9226172561307,Low,Low,Medium,Medium,Very High,Medium,High,High,Medium,High,Low
796, Turks and Caicos Islands ,2021,1.0,1.0,45114.0, US Dollar ,22878.0,4067945.0,,96990571.0,734053127.0,584447164.0,204018181.0,154621537.0,154621537.0,380428983.0,529852492.0,6195588.0,57581179.0,303379632.0,860177876.0,96093934.0,302064615.0,1032125773.0,943269768.0,High Income,Developed,0.778200629239291,0.5617189376517789,1.33991956689107,0.1639208021347293,0.2162882644193893,0.4033087838769789,0.004312599786405961,0.32162552250906024,20908.581992286207,3427.3515316753114,16271.071662898436,11744.746464512125,Low,Low,Very High,Very High,Low,Very High,High,High,Low,Low,Medium
68, Bolivia (Plurinational State of) ,2021,6.91,6.91,12079472.0, Boliviano ,3266.0,5221650827.0,82960464.0,1142974478.0,11243140348.0,34967556681.0,7813323582.0,6802622570.0,6719662107.0,27154233099.0,12605111072.0,4334302945.0,9509006064.0,12915698407.0,36311355118.0,3631438152.0,3890587190.0,39454581920.0,40408208528.0,Lower Middle Income,Developing,0.2782390201785191,0.31194431852294463,0.5901833387014638,0.16834754169530353,0.19335981144984254,0.671997945174532,0.12922252723433084,0.3196305621430939,3345.19658872507,563.1556221993809,930.764221151388,1043.515070195121,High,High,Medium,Medium,Low,Medium,Medium,High,High,High,Medium
70, Bosnia and Herzegovina ,2021,1.653606154,1.653606154,3270943.0, Convertible Marks ,7082.0,1204869125.0,1094577445.0,1020274988.0,9968914277.0,20767921618.0,4557136523.0,6155240154.0,5060662709.0,16210785095.0,12750062005.0,3374280499.0,4943821707.0,7254273316.0,19995282984.0,1835672292.0,3736371556.0,23163373600.0,23365274674.0,Upper Middle Income,Developing,0.4266551288649319,0.5456842336712519,0.9723393625361838,0.26343538605387423,0.19503885944345478,0.693798182181815,0.05156665786346321,0.3104724176032171,7143.283962453641,1881.7937683414232,3047.7187395194596,3897.977434947659,Medium,Medium,High,High,High,High,High,High,High,Medium,Medium
795, Turkmenistan ,2021,3.5,3.5,6341855.0, Turkmenistan Manat ,8070.0,5732306511.0,,3847641651.0,40057979134.0,10796203656.0,4864475239.0,26732206861.0,26732206861.0,5931728416.0,23805746108.0,18027697348.0,19127806857.0,16017669307.0,51497325431.0,4093016852.0,2678884253.0,51178916720.0,53954394309.0,Upper Middle Income,Developing,0.7424414572163592,0.4412197822417038,1.183661239458063,0.4954593078721832,0.09015901858041188,0.10993967205022526,0.10624355225212505,0.2968742307673007,8507.667600252607,4215.2031008277545,6316.445130643952,3753.751245968254,High,Medium,High,Very High,Very High,Very High,High,Low,Low,High,Medium
800, Uganda ,2021,3587.051707,3587.051707,45853778.0, Uganda Shilling ,915.0,10000772280.0,319563579.0,2292619460.0,5665596451.0,34718342580.0,4204396505.0,10314321913.0,9994758334.0,30513946075.0,10540836310.0,7119220317.0,9377611000.0,11350093567.0,39644274757.0,2143202700.0,4479975749.0,41950293762.0,42661087760.0,Low Income,Under-developed,0.13280478179255878,0.24708315852844537,0.37988794032100415,0.24177353308536453,0.09855342950120782,0.7152641359419477,0.2344237525367778,0.26605260585132345,930.3723623383879,224.93941312752898,123.55789856617703,229.8793418941401,High,Very High,Low,Low,High,Low,Low,Low,High,Very High,Medium
60, Bermuda ,2021,1.0,1.0,64185.0, Bermudian Dollar ,112607.0,17153402.0,,282380806.0,3598243481.0,4390166254.0,862292487.0,979304251.0,979304251.0,3527873767.0,1738948207.0,32297456.0,144508691.0,5483001715.0,6929587068.0,328785897.0,673756556.0,7227667075.0,7230610106.0,High Income,Developed,0.49764036896612057,0.24049812968853226,0.7381384986546529,0.135438674834281,0.11925584070484799,0.48790817307000844,0.0023723312069843195,0.7583041589326155,112652.64635039339,15257.525138272182,56060.50449481966,27092.75075173327,Medium,Low,Very High,Medium,Low,High,Low,Low,Low,Low,Very High
798, Tuvalu ,2021,1.33122426,1.33122426,11204.0, Australian Dollar ,7156.0,5258318.0,,8338189.0,8163790.0,92442786.0,55886989.0,16536956.0,16536956.0,36555798.0,56973355.0,560350.0,1324205.0,31549906.0,57663323.0,2554040.0,8638665.0,80175578.0,60170178.0,Upper Middle Income,Developing,0.13567834218472813,0.9468703084109208,1.082548650595649,0.2748364148100077,0.928815417498017,0.6075401339181679,0.08739076690117153,0.5243445681679718,5370.419314530524,1475.9867904319885,728.6495894323456,5085.090592645483,Low,Low,High,High,High,Low,Very High,Very High,Medium,High,Very High
8, Albania ,2021,103.52,103.52,2854710.0, Lek ,6290.0,3228969140.0,,1741168718.0,5590528223.0,15863725942.0,2146541597.0,4403533603.0,4403533603.0,13717184345.0,8016544325.0,1137448997.0,2242915592.0,5140561711.0,15923393487.0,1116720699.0,2453057627.0,17956196785.0,18260043500.0,Upper Middle Income,Developing,0.3061618239299375,0.43902109680078255,0.74518292073072,0.24115679697039058,0.1175540242825818,0.7512131252589842,0.17683249987876534,0.2815196859196967,6396.461812233117,1542.5502425815582,1958.3524151314843,2808.181680450904,Medium,Medium,Medium,Medium,High,Medium,High,Low,Very High,Very High,Medium
887, Yemen ,2021,1035.467186,1035.467186,32981641.0, Yemeni Rial ,301.0,1911150983.0,-36578973.0,491907737.0,1183138429.0,11427150690.0,1172172798.0,1575780705.0,1612359679.0,10254977891.0,4140871555.0,1006033658.0,1551378414.0,2323147749.0,9802299506.0,1527507375.0,1997207248.0,9929301347.0,9946815477.0,Low Income,Under-developed,0.11894645394154224,0.4163012337541526,0.5352476876956949,0.15842062302690488,0.11784402763984238,1.030981012436851,0.1921369696079263,0.2335569363251796,301.58643340396554,47.77751067631838,35.872636810278784,125.55080430958544,Medium,Very High,Low,Low,Low,Low,Medium,Low,Very High,Very High,Low
426, Lesotho ,2021,14.77867821,14.77867821,2281454.0, Loti ,1224.0,100249072.0,-13485528.0,49958336.0,1091501948.0,2919175351.0,985689933.0,619397314.0,632882842.0,1933485418.0,2256658227.0,393840629.0,625865564.0,1024843842.0,2083658008.0,103813841.0,178927352.0,2793629761.0,2373416386.0,Lower Middle Income,Developing,0.45988641286813803,0.9508058679931942,1.4106922808613322,0.26097288181442596,0.4153042587951527,0.8146423145154775,0.04223829943676811,0.4318011150699117,1040.3086742051341,271.49235268385866,478.42382445580756,989.1315919584616,Low,Medium,Low,Very High,High,High,Very High,Very High,Very High,Medium,Very High
484, Mexico ,2021,20.27240833,20.27240833,126705138.0, Mexican Peso ,9956.0,49503262341.0,6812926404.0,89566500593.0,523000000000.0,981000000000.0,150000000000.0,264000000000.0,257000000000.0,831000000000.0,545000000000.0,230000000000.0,333000000000.0,357000000000.0,1200000000000.0,94029025198.0,271000000000.0,1260000000000.0,1270000000000.0,Upper Middle Income,Developing,0.41181102362204725,0.42913385826771655,0.8409448818897638,0.2078740157480315,0.11811023622047244,0.6543307086614173,0.03897894672519685,0.2811023622047244,10023.271510899582,2083.577699903535,4127.69370094526,4301.325175937222,Very High,Very High,High,High,Medium,High,High,Low,High,Medium,Medium
428, Latvia ,2021,0.845494139,0.845494139,1873919.0, Euro ,20876.0,1637234295.0,1401858328.0,1918844762.0,25295205509.0,30944743194.0,8212416480.0,10273769622.0,8871911294.0,22732326714.0,26660217928.0,4769524488.0,6004492245.0,15092860391.0,34937359872.0,4465544853.0,5818383326.0,39119352197.0,39853501580.0,High Income,Developed,0.6347047186863524,0.6689554711894904,1.3036601898758429,0.25778838031024526,0.20606511735273225,0.5703972251564451,0.041081316072403194,0.37870851475129025,21267.46224356549,5482.504645078042,13498.558640474856,14226.985226149049,High,Medium,High,Very High,High,Very High,Very High,High,Medium,Medium,High
792, Türkiye ,2021,8.850407549,8.850407549,84775404.0, New Turkish Lira ,9519.0,45399712020.0,,41491742720.0,289000000000.0,560000000000.0,107000000000.0,230000000000.0,230000000000.0,453000000000.0,291000000000.0,182000000000.0,213000000000.0,209000000000.0,732000000000.0,94603608855.0,128000000000.0,807000000000.0,819000000000.0,Upper Middle Income,Developing,0.3528693528693529,0.3553113553113553,0.7081807081807082,0.28083028083028083,0.13064713064713065,0.5531135531135531,0.05543310380952381,0.25518925518925517,9660.820961702524,2713.0510637259836,3409.007640942649,3432.5993893228747,Very High,Very High,High,Medium,High,High,Medium,Medium,Medium,Medium,Low
72, Botswana ,2021,11.08725833,11.08725833,2588423.0, Pula ,6692.0,303289225.0,182037790.0,2049821112.0,7858678618.0,14061429374.0,5855487267.0,5099177660.0,4917139870.0,8205942106.0,8783740495.0,980194777.0,3179437282.0,7785245429.0,16741510532.0,857003982.0,2566713501.0,17321391760.0,17614859700.0,Upper Middle Income,Developing,0.4461391547728308,0.4986551493793618,0.9447943041521926,0.28948159377051413,0.3324174797145844,0.46585339002160775,0.017217805316950666,0.4419703342286626,6805.247712603388,1969.9939538475744,3036.0874625206156,3393.4718146918026,Medium,Medium,Medium,High,Very High,High,High,Very High,Low,Low,Very High
788, Tunisia ,2021,2.794466667,2.794466667,12262946.0, Tunisian Dinar ,3679.0,4733425579.0,-330832359.0,1876458239.0,19667294892.0,44276820860.0,9794212372.0,7126332991.0,7457165351.0,34482608488.0,24383185820.0,6731051841.0,8916406231.0,17941527304.0,43603203951.0,3296156691.0,6839229907.0,45112589000.0,46687298709.0,Lower Middle Income,Developing,0.42125578981524364,0.5222659372944104,0.943521727109654,0.15263965121259507,0.20978323104634775,0.7385864987162498,0.10138572395253034,0.38429139830575326,3807.18456307318,581.1273238094664,1603.7985400897958,1988.3628142862244,High,High,Medium,High,Low,High,High,High,Very High,High,High
454, Malawi ,2021,797.75,797.75,19889742.0, Kwacha ,602.0,3255907239.0,24509285.0,371165152.0,1166173101.0,14153720886.0,1404356746.0,1124790193.0,1100280908.0,12749364140.0,4245488943.0,1485173300.0,1942315262.0,3332162958.0,11504175494.0,1084798496.0,1517826387.0,11978680998.0,12199195237.0,Low Income,Under-developed,0.09559426489568855,0.34801385341579644,0.443608118311485,0.09220199948833724,0.11511880240596563,1.045098786625805,0.2668952480672558,0.273146129171996,613.341049723018,56.55127115273793,58.63188677862186,213.4511821721971,Medium,High,Low,Low,Low,Low,Medium,Low,Very High,Very High,Medium
835, U.R. of Tanzania: Mainland ,2021,2297.764226,2297.764226,61870726.0, Tanzanian Shilling ,1117.0,18380110642.0,-2560215491.0,9733270274.0,10081975579.0,46880522174.0,5163476337.0,28341613847.0,30901829338.0,41717045837.0,11731968361.0,5498894928.0,11088892763.0,12770888195.0,64887813006.0,6050619910.0,6864031222.0,69078899566.0,70296924623.0,Low Income,Under-developed,0.14341986698663262,0.16689163037953858,0.3103114973661712,0.4031700390734745,0.0734523788158806,0.59344055320666,0.2614639365885763,0.1816706529267082,1136.190395163619,458.0779260130227,162.9522753458558,189.62066747042857,High,Very High,Low,Low,Very High,Low,Low,Low,Medium,Very High,Low
44, Bahamas ,2021,1.0,1.0,407906.0, Bahamian Dollar ,25962.0,54885000.0,129742000.0,762441000.0,3081770000.0,9506420000.0,1826100000.0,2889560000.0,2759818000.0,7680320000.0,4722510000.0,188989000.0,503297000.0,5749951000.0,10127816000.0,830946000.0,2226296000.0,10590100000.0,11208600000.0,High Income,Developed,0.274946915761112,0.42132915796798887,0.6962760737291008,0.25779847617008367,0.1629195439216316,0.6852167085987545,0.00489668647288689,0.5129945755937405,27478.389628983146,7083.886973959687,7555.098478571043,11577.446764695787,Medium,Low,Very High,Medium,High,Medium,Medium,Medium,High,Low,Very High
48, Bahrain ,2021,0.376,0.376,1463265.0, Bahraini Dinar ,24990.0,114292859.0,2103395391.0,3203176391.0,35234574468.0,18405291870.0,5242438532.0,12806197492.0,10702802101.0,13162853338.0,27577393617.0,6914737745.0,13018178556.0,16333985104.0,37986417388.0,2833060660.0,2483723819.0,36567518101.0,38868670213.0,High Income,Developed,0.9065032138973321,0.7095018549869626,1.6160050688842946,0.3294735174067479,0.13487568530828245,0.33864943837460015,0.0029404880170501345,0.4202352438220781,26562.97404297923,8751.79649072451,24079.42134063208,18846.4793574643,High,Medium,Very High,Very High,Very High,Very High,Very High,Medium,Low,Low,High
826, United Kingdom ,2021,0.727064945,0.727064945,67281039.0, Pound Sterling ,46338.0,21131537302.0,11400632173.0,166000000000.0,875000000000.0,2590000000000.0,701000000000.0,567000000000.0,555000000000.0,1890000000000.0,899000000000.0,275000000000.0,381000000000.0,1600000000000.0,2810000000000.0,276000000000.0,358000000000.0,3120000000000.0,3130000000000.0,High Income,Developed,0.2795527156549521,0.28722044728434504,0.5667731629392971,0.18115015974440896,0.22396166134185302,0.6038338658146964,0.006751289872843451,0.5111821086261981,46521.27919724902,8427.337158095908,13005.149935333193,13361.86261927376,Very High,Very High,Very High,Medium,Low,Medium,Low,Very High,Medium,Low,Very High
894, Zambia ,2021,20.01848659,20.01848659,19473125.0, Kwacha ,1062.0,628528683.0,293485060.0,3252116619.0,11501344444.0,11444642581.0,3021303145.0,6102614423.0,5809129363.0,8423339436.0,7735234719.0,1876458190.0,6639509940.0,4250491657.0,20712541286.0,2060541275.0,3881353112.0,20679619455.0,21313366728.0,Low Income,Under-developed,0.5396305797568032,0.36292880508821695,0.9025593848450202,0.2863280354005646,0.14175625951346413,0.39521393046430386,0.029489882617854235,0.19942844841195378,1094.5016132747055,313.38649667169494,590.6265401161858,397.2261626729146,Medium,High,Low,High,Very High,High,Medium,Medium,Low,Medium,Low
446," China, Macao SAR ",2021,8.00553175,8.00553175,686607.0, Pataca ,51684.0,,-62956468.0,1213184135.0,26405991082.0,19361986791.0,6598562300.0,6828403372.0,6891359840.0,12763424491.0,22691434582.0,194674550.0,448366809.0,16880911772.0,22448415713.0,788052587.0,3117900409.0,35486600602.0,29905071578.0,High Income,Developed,0.882993742821397,0.7587821524792205,1.6417758953006174,0.22833596482756427,0.22065027608408422,0.4267979916954807,,0.5644832425152472,43554.85973489929,9945.14092049746,38458.66861537968,33048.650220577416,High,Low,Very High,Very High,Medium,Very High,Very High,Very High,Low,,Very High
462, Maldives ,2021,15.37269841,15.37269841,521457.0, Rufiyaa ,9391.0,284647648.0,,275598079.0,4096963875.0,2796925437.0,743034359.0,2175460490.0,2175460490.0,2053891078.0,3663567979.0,104727738.0,207890844.0,1886810779.0,4666668716.0,408930566.0,1602790799.0,4896768208.0,5405576797.0,Upper Middle Income,Developing,0.7579142853494826,0.677738586756036,1.4356528721055186,0.40244743007024564,0.1374569980047959,0.3799578019388927,0.05265814522475648,0.3490489266653555,10366.294434632195,4171.8885545692165,7856.762638146578,7025.637740024585,Low,Low,High,Very High,Very High,Very High,Very High,Medium,Low,Medium,High
